
-- Select "Run" above to load this challenge.

/*
REQUIREMENTS

 - Split the Transaction Code to extract the letters at the start of the transaction code. These identify the bank who processes the transaction
- Rename the new field with the Bank code 'Bank'. 
- Rename the values in the Online or In-person field, Online of the 1 values and In-Person for the 2 values. 
- Change the date to be the day of the week

Different levels of detail are required in the outputs. 
You will need to sum up the values of the transactions in three ways:
  1. Total Values of Transactions by each bank
  2. Total Values by Bank, Day of the Week and Type of Transaction (Online or In-Person)
  3. Total Values by Bank and Customer Code

Output each query

Challenge source: 
https://preppindata.blogspot.com/2023/01/2023-week-1-data-source-bank.html
*/
CREATE DATABASE IF NOT EXISTS preppin_data;
USE preppin_data;

CREATE TABLE pd2023_wk01 (
  transaction_code text,
  value bigint,
  customer_code bigint,
  online_or_in_person bigint,
  transaction_date text
);

INSERT INTO pd2023_wk01 (transaction_code, value, customer_code, online_or_in_person, transaction_date)
	VALUES
	('DTB-716-679-576',1448,100001,2,'20/03/2023 00:00:00'),
	('DS-795-814-303',7839,100001,2,'15/11/2023 00:00:00'),
	('DSB-807-592-406',5520,100005,1,'14/07/2023 00:00:00'),
	('DS-367-545-264',7957,100007,2,'18/08/2023 00:00:00'),
	('DSB-474-374-857',5375,100000,2,'26/08/2023 00:00:00'),
	('DSB-448-546-348',4525,100009,1,'27/05/2023 00:00:00'),
	('DS-213-969-866',2321,100007,2,'04/01/2023 00:00:00'),
	('DS-341-615-729',1967,100004,1,'22/01/2023 00:00:00'),
	('DTB-200-951-620',8105,100003,2,'10/01/2023 00:00:00'),
	('DS-481-733-170',7908,100008,2,'26/11/2023 00:00:00'),
	('DTB-625-200-665',8772,100009,2,'03/03/2023 00:00:00'),
	('DSB-422-218-322',118,100010,1,'12/05/2023 00:00:00'),
	('DSB-669-227-170',830,100001,1,'15/04/2023 00:00:00'),
	('DS-350-414-539',1309,100005,1,'02/05/2023 00:00:00'),
	('DSB-694-734-879',2735,100009,1,'16/11/2023 00:00:00'),
	('DTB-210-744-537',5053,100003,1,'08/09/2023 00:00:00'),
	('DTB-395-412-673',4305,100000,2,'29/03/2023 00:00:00'),
	('DTB-849-468-150',8573,100010,1,'01/05/2023 00:00:00'),
	('DS-827-477-284',6423,100002,2,'01/11/2023 00:00:00'),
	('DSB-285-481-368',3289,100005,2,'18/11/2023 00:00:00'),
	('DTB-376-157-113',1428,100000,1,'31/05/2023 00:00:00'),
	('DS-812-253-860',8805,100006,1,'26/07/2023 00:00:00'),
	('DTB-148-931-227',4684,100010,2,'26/02/2023 00:00:00'),
	('DS-151-159-356',4209,100003,2,'19/07/2023 00:00:00'),
	('DTB-879-606-315',2006,100002,2,'23/03/2023 00:00:00'),
	('DSB-736-207-386',5726,100001,2,'23/05/2023 00:00:00'),
	('DTB-674-351-540',8906,100006,1,'31/08/2023 00:00:00'),
	('DTB-671-331-311',7103,100000,1,'25/05/2023 00:00:00'),
	('DSB-460-438-644',1873,100002,1,'05/06/2023 00:00:00'),
	('DTB-282-579-579',8872,100000,2,'11/11/2023 00:00:00'),
	('DTB-503-676-601',1428,100005,2,'17/12/2023 00:00:00'),
	('DTB-583-201-191',1582,100005,1,'29/10/2023 00:00:00'),
	('DTB-591-795-428',1273,100010,1,'07/06/2023 00:00:00'),
	('DS-572-444-870',2916,100000,1,'29/07/2023 00:00:00'),
	('DS-546-394-608',8867,100002,2,'13/08/2023 00:00:00'),
	('DSB-329-539-882',7759,100009,1,'17/11/2023 00:00:00'),
	('DS-935-899-967',4160,100010,1,'24/06/2023 00:00:00'),
	('DTB-740-461-459',7017,100010,1,'20/01/2023 00:00:00'),
	('DSB-839-525-960',5285,100003,2,'04/07/2023 00:00:00'),
	('DS-601-340-151',5177,100004,2,'21/05/2023 00:00:00'),
	('DSB-916-313-878',891,100004,1,'23/08/2023 00:00:00'),
	('DTB-387-329-401',8191,100008,2,'28/07/2023 00:00:00'),
	('DS-300-637-714',7768,100006,2,'13/11/2023 00:00:00'),
	('DTB-363-112-552',3723,100008,2,'14/01/2023 00:00:00'),
	('DTB-893-876-909',1725,100010,2,'10/04/2023 00:00:00'),
	('DS-909-642-426',1487,100004,1,'26/06/2023 00:00:00'),
	('DS-927-701-335',7630,100010,2,'15/08/2023 00:00:00'),
	('DS-370-476-555',5449,100008,2,'28/08/2023 00:00:00'),
	('DS-355-542-864',7427,100008,1,'30/10/2023 00:00:00'),
	('DS-212-505-641',5010,100004,1,'20/01/2023 00:00:00'),
	('DS-844-497-425',203,100006,1,'30/06/2023 00:00:00'),
	('DTB-510-431-441',3581,100000,2,'12/09/2023 00:00:00'),
	('DTB-241-697-487',6357,100007,1,'12/12/2023 00:00:00'),
	('DS-791-640-399',9644,100007,1,'14/09/2023 00:00:00'),
	('DTB-467-201-973',4994,100009,1,'25/07/2023 00:00:00'),
	('DS-397-219-926',3855,100000,1,'03/04/2023 00:00:00'),
	('DSB-383-954-224',4482,100006,1,'02/05/2023 00:00:00'),
	('DS-565-291-205',1804,100008,1,'22/06/2023 00:00:00'),
	('DTB-246-670-752',5804,100002,1,'25/04/2023 00:00:00'),
	('DTB-426-206-427',3763,100004,2,'15/07/2023 00:00:00'),
	('DTB-472-169-553',5861,100009,2,'17/03/2023 00:00:00'),
	('DS-965-495-114',2461,100004,2,'26/02/2023 00:00:00'),
	('DTB-749-397-836',7378,100004,2,'26/08/2023 00:00:00'),
	('DSB-944-891-977',7295,100006,1,'26/10/2023 00:00:00'),
	('DS-945-974-199',6413,100000,2,'01/02/2023 00:00:00'),
	('DSB-960-872-814',7234,100009,1,'04/03/2023 00:00:00'),
	('DS-209-852-108',1114,100007,2,'06/01/2023 00:00:00'),
	('DS-347-632-441',6321,100009,1,'07/04/2023 00:00:00'),
	('DS-111-517-449',3007,100002,2,'10/03/2023 00:00:00'),
	('DSB-958-959-319',453,100001,2,'25/11/2023 00:00:00'),
	('DTB-386-766-694',7411,100006,1,'08/07/2023 00:00:00'),
	('DTB-577-974-609',4899,100003,2,'21/12/2023 00:00:00'),
	('DS-218-748-617',3252,100002,1,'13/01/2023 00:00:00'),
	('DTB-862-308-123',738,100001,1,'20/06/2023 00:00:00'),
	('DTB-274-779-444',6335,100004,1,'31/12/2023 00:00:00'),
	('DTB-252-774-498',9460,100000,1,'22/10/2023 00:00:00'),
	('DS-502-285-516',8758,100002,1,'30/09/2023 00:00:00'),
	('DS-365-629-722',6859,100010,1,'08/07/2023 00:00:00'),
	('DSB-387-682-854',1509,100000,2,'12/12/2023 00:00:00'),
	('DS-258-197-667',6102,100008,1,'29/04/2023 00:00:00'),
	('DSB-950-437-523',6107,100001,2,'14/01/2023 00:00:00'),
	('DTB-586-583-900',436,100008,2,'20/07/2023 00:00:00'),
	('DTB-553-704-541',4289,100003,1,'26/07/2023 00:00:00'),
	('DTB-428-277-419',6015,100005,2,'13/01/2023 00:00:00'),
	('DTB-944-219-439',5271,100001,2,'23/02/2023 00:00:00'),
	('DTB-291-474-210',6395,100009,1,'09/10/2023 00:00:00'),
	('DS-789-775-614',6646,100004,1,'16/08/2023 00:00:00'),
	('DS-734-725-118',1447,100000,1,'12/12/2023 00:00:00'),
	('DS-665-549-588',4793,100008,2,'16/11/2023 00:00:00'),
	('DSB-717-342-793',2943,100008,2,'23/04/2023 00:00:00'),
	('DS-679-253-456',1525,100000,2,'02/05/2023 00:00:00'),
	('DSB-316-692-428',7570,100009,1,'18/01/2023 00:00:00'),
	('DS-171-879-826',6720,100007,1,'28/04/2023 00:00:00'),
	('DS-235-302-587',408,100007,2,'15/09/2023 00:00:00'),
	('DS-955-235-250',8863,100001,1,'03/04/2023 00:00:00'),
	('DTB-978-405-870',71,100005,2,'08/10/2023 00:00:00'),
	('DS-866-694-363',1943,100003,2,'02/03/2023 00:00:00'),
	('DS-687-299-953',2185,100003,2,'20/06/2023 00:00:00'),
	('DSB-941-314-836',3919,100000,2,'12/01/2023 00:00:00'),
	('DS-798-477-435',4419,100000,2,'06/03/2023 00:00:00'),
	('DTB-747-347-342',8397,100000,1,'17/03/2023 00:00:00'),
	('DSB-144-777-889',1747,100006,1,'16/03/2023 00:00:00'),
	('DS-593-205-168',2185,100006,2,'27/11/2023 00:00:00'),
	('DTB-278-276-131',310,100006,2,'04/10/2023 00:00:00'),
	('DTB-403-626-859',375,100008,2,'08/04/2023 00:00:00'),
	('DSB-947-805-863',6772,100006,2,'16/08/2023 00:00:00'),
	('DSB-939-176-839',1661,100001,1,'05/02/2023 00:00:00'),
	('DTB-940-583-541',4057,100003,2,'09/02/2023 00:00:00'),
	('DS-526-540-759',7144,100001,2,'30/10/2023 00:00:00'),
	('DTB-497-482-165',5156,100005,2,'25/03/2023 00:00:00'),
	('DSB-585-219-171',9038,100010,2,'01/07/2023 00:00:00'),
	('DTB-488-152-871',2377,100005,1,'01/12/2023 00:00:00'),
	('DSB-479-502-581',2952,100005,2,'12/07/2023 00:00:00'),
	('DSB-810-110-106',8010,100001,2,'19/01/2023 00:00:00'),
	('DTB-372-398-449',1018,100000,2,'31/08/2023 00:00:00'),
	('DTB-216-877-118',3399,100007,2,'20/10/2023 00:00:00'),
	('DTB-576-237-983',8591,100010,2,'02/02/2023 00:00:00'),
	('DS-710-262-749',1535,100001,1,'20/03/2023 00:00:00'),
	('DS-198-943-233',5817,100001,1,'07/10/2023 00:00:00'),
	('DSB-687-427-946',4548,100008,1,'21/05/2023 00:00:00'),
	('DSB-398-171-429',6707,100005,2,'12/06/2023 00:00:00'),
	('DS-467-273-977',3109,100000,1,'23/05/2023 00:00:00'),
	('DSB-449-495-555',2749,100004,2,'21/11/2023 00:00:00'),
	('DS-360-220-260',2426,100006,2,'04/03/2023 00:00:00'),
	('DS-693-880-973',9231,100005,1,'05/07/2023 00:00:00'),
	('DSB-863-337-664',6877,100008,1,'04/06/2023 00:00:00'),
	('DTB-138-656-773',9742,100010,1,'28/03/2023 00:00:00'),
	('DTB-100-567-899',6812,100000,1,'18/03/2023 00:00:00'),
	('DTB-301-268-659',5489,100008,1,'27/07/2023 00:00:00'),
	('DS-588-880-706',670,100001,2,'15/08/2023 00:00:00'),
	('DSB-178-545-735',9556,100001,1,'22/09/2023 00:00:00'),
	('DS-341-725-207',9446,100007,1,'30/08/2023 00:00:00'),
	('DSB-640-103-666',3823,100008,1,'22/04/2023 00:00:00'),
	('DS-288-137-909',9190,100006,1,'17/02/2023 00:00:00'),
	('DTB-364-959-676',5625,100004,1,'29/11/2023 00:00:00'),
	('DS-192-294-442',8423,100009,2,'04/08/2023 00:00:00'),
	('DTB-328-895-365',7883,100000,2,'21/03/2023 00:00:00'),
	('DSB-361-585-971',8013,100005,1,'31/10/2023 00:00:00'),
	('DSB-889-783-271',7446,100010,2,'22/07/2023 00:00:00'),
	('DTB-643-666-175',674,100004,1,'02/03/2023 00:00:00'),
	('DTB-283-416-862',1143,100004,1,'11/08/2023 00:00:00'),
	('DTB-281-301-536',9250,100001,1,'03/01/2023 00:00:00'),
	('DTB-764-607-507',3688,100003,2,'01/10/2023 00:00:00'),
	('DS-627-665-678',8305,100002,1,'20/08/2023 00:00:00'),
	('DS-306-192-215',9662,100003,2,'23/05/2023 00:00:00'),
	('DTB-449-596-494',2418,100010,2,'16/10/2023 00:00:00'),
	('DTB-176-628-986',8413,100008,1,'02/05/2023 00:00:00'),
	('DSB-897-391-762',9324,100009,1,'09/12/2023 00:00:00'),
	('DS-125-329-654',3584,100000,2,'01/09/2023 00:00:00'),
	('DTB-420-160-332',3479,100007,2,'07/02/2023 00:00:00'),
	('DTB-369-603-601',2061,100009,2,'09/03/2023 00:00:00'),
	('DS-254-703-528',9745,100006,2,'07/12/2023 00:00:00'),
	('DTB-649-747-460',2534,100004,2,'16/05/2023 00:00:00'),
	('DTB-441-852-659',858,100007,2,'17/04/2023 00:00:00'),
	('DSB-780-635-767',4289,100001,2,'07/02/2023 00:00:00'),
	('DTB-307-788-998',1892,100004,1,'22/06/2023 00:00:00'),
	('DTB-341-297-581',8609,100001,1,'10/05/2023 00:00:00'),
	('DSB-694-477-136',9787,100001,2,'12/03/2023 00:00:00'),
	('DTB-959-794-142',87,100000,1,'13/03/2023 00:00:00'),
	('DSB-973-745-368',3335,100010,1,'06/07/2023 00:00:00'),
	('DTB-924-481-806',3445,100001,2,'11/12/2023 00:00:00'),
	('DSB-445-567-300',5275,100006,2,'30/09/2023 00:00:00'),
	('DS-737-300-225',4166,100006,1,'28/01/2023 00:00:00'),
	('DS-655-186-971',1861,100009,1,'24/06/2023 00:00:00'),
	('DTB-281-239-256',2583,100008,2,'05/05/2023 00:00:00'),
	('DS-281-725-261',9687,100005,2,'27/06/2023 00:00:00'),
	('DSB-381-770-854',1085,100004,2,'23/09/2023 00:00:00'),
	('DS-878-496-891',4593,100004,2,'08/12/2023 00:00:00'),
	('DSB-826-723-896',1172,100000,1,'01/04/2023 00:00:00'),
	('DSB-453-650-136',2991,100006,1,'26/07/2023 00:00:00'),
	('DS-670-149-112',271,100000,2,'14/08/2023 00:00:00'),
	('DTB-186-299-741',3482,100008,1,'22/05/2023 00:00:00'),
	('DS-586-726-999',9967,100007,2,'20/09/2023 00:00:00'),
	('DTB-248-224-631',2515,100010,2,'29/11/2023 00:00:00'),
	('DTB-774-131-267',5684,100009,1,'05/06/2023 00:00:00'),
	('DS-187-721-748',5218,100000,2,'31/08/2023 00:00:00'),
	('DTB-438-458-368',9504,100002,1,'15/08/2023 00:00:00'),
	('DSB-351-311-669',4310,100001,1,'28/03/2023 00:00:00'),
	('DS-404-581-678',9678,100004,2,'04/11/2023 00:00:00'),
	('DSB-198-543-119',860,100000,2,'06/02/2023 00:00:00'),
	('DTB-429-384-856',3396,100003,2,'16/12/2023 00:00:00'),
	('DS-529-962-408',58,100000,1,'02/07/2023 00:00:00'),
	('DS-404-603-233',9371,100004,2,'12/01/2023 00:00:00'),
	('DS-511-603-331',9422,100000,2,'24/11/2023 00:00:00'),
	('DTB-505-902-367',8724,100000,2,'05/01/2023 00:00:00'),
	('DS-982-223-953',1889,100010,1,'09/03/2023 00:00:00'),
	('DTB-510-953-856',1718,100004,1,'27/08/2023 00:00:00'),
	('DSB-500-785-486',19,100005,1,'07/11/2023 00:00:00'),
	('DS-592-224-216',2659,100001,2,'28/06/2023 00:00:00'),
	('DTB-717-282-297',2429,100001,1,'31/07/2023 00:00:00'),
	('DSB-111-998-812',383,100005,2,'19/11/2023 00:00:00'),
	('DTB-719-148-403',9278,100005,2,'04/07/2023 00:00:00'),
	('DSB-929-643-537',9695,100010,2,'21/10/2023 00:00:00'),
	('DS-575-495-505',8939,100009,1,'14/10/2023 00:00:00'),
	('DS-333-826-793',3517,100006,2,'31/05/2023 00:00:00'),
	('DS-606-398-163',4151,100004,1,'27/05/2023 00:00:00'),
	('DSB-826-702-433',3056,100007,2,'09/04/2023 00:00:00'),
	('DSB-898-497-860',8495,100009,1,'05/10/2023 00:00:00'),
	('DS-752-559-243',6584,100010,2,'03/05/2023 00:00:00'),
	('DSB-986-129-701',5547,100010,2,'05/11/2023 00:00:00'),
	('DS-455-564-114',7266,100006,2,'04/02/2023 00:00:00'),
	('DSB-888-871-528',5835,100005,2,'26/02/2023 00:00:00'),
	('DTB-457-113-683',8488,100003,2,'16/08/2023 00:00:00'),
	('DS-375-648-276',4743,100002,1,'20/12/2023 00:00:00'),
	('DTB-860-889-613',6177,100010,2,'21/02/2023 00:00:00'),
	('DS-773-677-347',6688,100010,2,'28/12/2023 00:00:00'),
	('DSB-578-322-363',2436,100007,1,'15/02/2023 00:00:00'),
	('DS-755-385-242',2902,100008,1,'24/06/2023 00:00:00'),
	('DS-732-121-304',2282,100003,2,'30/10/2023 00:00:00'),
	('DSB-746-875-854',7212,100007,2,'30/07/2023 00:00:00'),
	('DS-684-493-749',5201,100003,1,'04/04/2023 00:00:00'),
	('DSB-322-517-459',3771,100006,1,'01/08/2023 00:00:00'),
	('DTB-258-384-644',8588,100003,1,'09/11/2023 00:00:00'),
	('DTB-974-818-255',4513,100003,1,'14/02/2023 00:00:00'),
	('DS-886-508-866',9737,100010,2,'23/11/2023 00:00:00'),
	('DTB-842-214-428',1023,100009,2,'17/02/2023 00:00:00'),
	('DTB-141-142-814',3955,100002,1,'16/04/2023 00:00:00'),
	('DS-751-551-926',4090,100010,2,'27/08/2023 00:00:00'),
	('DS-172-783-290',6501,100007,2,'28/08/2023 00:00:00'),
	('DS-259-641-898',4676,100009,1,'10/10/2023 00:00:00'),
	('DS-634-302-762',6436,100000,2,'07/01/2023 00:00:00'),
	('DS-769-269-955',7577,100007,2,'05/10/2023 00:00:00'),
	('DS-531-203-189',8205,100009,1,'20/06/2023 00:00:00'),
	('DTB-351-352-522',5483,100009,1,'03/06/2023 00:00:00'),
	('DS-841-484-761',6833,100010,2,'11/11/2023 00:00:00'),
	('DS-919-877-792',8132,100001,2,'06/08/2023 00:00:00'),
	('DS-225-784-204',1248,100007,2,'07/02/2023 00:00:00'),
	('DS-536-538-408',2281,100009,2,'18/10/2023 00:00:00'),
	('DSB-486-829-786',6490,100004,2,'24/05/2023 00:00:00'),
	('DTB-996-407-559',1457,100001,1,'14/05/2023 00:00:00'),
	('DSB-682-505-375',4605,100005,2,'07/08/2023 00:00:00'),
	('DSB-897-798-544',4894,100000,1,'04/03/2023 00:00:00'),
	('DS-474-951-890',9153,100010,1,'20/01/2023 00:00:00'),
	('DSB-151-451-963',7580,100002,2,'13/03/2023 00:00:00'),
	('DSB-645-441-121',3580,100010,2,'27/06/2023 00:00:00'),
	('DTB-494-624-292',4388,100005,2,'11/10/2023 00:00:00'),
	('DSB-999-223-566',6610,100004,2,'15/04/2023 00:00:00'),
	('DS-581-170-509',2228,100002,2,'11/11/2023 00:00:00'),
	('DS-873-743-860',1486,100005,2,'23/03/2023 00:00:00'),
	('DTB-240-732-707',3234,100003,2,'02/05/2023 00:00:00'),
	('DTB-518-568-674',1813,100004,1,'23/03/2023 00:00:00'),
	('DSB-449-576-263',6957,100002,1,'07/06/2023 00:00:00'),
	('DTB-494-288-438',7061,100004,2,'20/09/2023 00:00:00'),
	('DTB-652-964-540',213,100003,2,'07/07/2023 00:00:00'),
	('DTB-921-399-721',1163,100009,2,'14/12/2023 00:00:00'),
	('DTB-441-276-913',3974,100007,1,'19/03/2023 00:00:00'),
	('DSB-966-187-561',9218,100003,2,'26/06/2023 00:00:00'),
	('DS-894-660-291',8828,100008,1,'08/11/2023 00:00:00'),
	('DS-495-454-269',9740,100007,2,'21/06/2023 00:00:00'),
	('DS-943-492-887',5088,100002,2,'25/09/2023 00:00:00'),
	('DTB-907-361-823',3616,100001,2,'08/10/2023 00:00:00'),
	('DTB-987-599-339',3379,100001,1,'13/10/2023 00:00:00'),
	('DSB-233-131-273',9402,100005,2,'24/03/2023 00:00:00'),
	('DS-851-713-360',4095,100004,1,'29/09/2023 00:00:00'),
	('DS-441-725-888',7417,100008,1,'25/01/2023 00:00:00'),
	('DTB-943-852-828',3896,100000,1,'04/01/2023 00:00:00'),
	('DTB-560-455-449',9885,100008,1,'17/08/2023 00:00:00'),
	('DTB-379-731-417',8529,100003,2,'27/04/2023 00:00:00'),
	('DSB-576-399-534',9624,100010,1,'17/06/2023 00:00:00'),
	('DTB-477-648-723',9651,100006,2,'31/05/2023 00:00:00'),
	('DSB-151-356-589',7282,100008,2,'15/11/2023 00:00:00'),
	('DTB-245-565-791',9741,100008,2,'02/03/2023 00:00:00'),
	('DS-170-847-698',4421,100006,2,'30/07/2023 00:00:00'),
	('DSB-295-272-744',1143,100010,2,'15/01/2023 00:00:00'),
	('DS-132-609-155',2637,100001,2,'18/05/2023 00:00:00'),
	('DS-782-399-288',9957,100002,1,'26/03/2023 00:00:00'),
	('DSB-879-779-671',4052,100008,1,'12/06/2023 00:00:00'),
	('DTB-626-173-186',2104,100009,1,'21/06/2023 00:00:00'),
	('DSB-737-365-104',5769,100004,2,'20/04/2023 00:00:00'),
	('DSB-887-499-205',1183,100005,1,'15/07/2023 00:00:00'),
	('DSB-346-293-547',5941,100010,1,'06/01/2023 00:00:00'),
	('DSB-850-418-283',6323,100010,1,'30/01/2023 00:00:00'),
	('DS-258-775-522',5888,100010,2,'02/11/2023 00:00:00'),
	('DTB-805-505-997',3603,100002,2,'12/11/2023 00:00:00'),
	('DSB-935-237-653',6023,100003,2,'05/01/2023 00:00:00'),
	('DTB-581-151-417',8942,100002,2,'15/04/2023 00:00:00'),
	('DTB-298-815-470',1109,100003,2,'31/08/2023 00:00:00'),
	('DS-101-351-324',452,100004,1,'09/09/2023 00:00:00'),
	('DTB-168-731-532',6505,100007,2,'12/08/2023 00:00:00'),
	('DSB-958-715-703',8209,100010,2,'07/10/2023 00:00:00'),
	('DS-487-940-164',3513,100002,1,'15/03/2023 00:00:00'),
	('DS-731-491-480',2296,100008,1,'13/03/2023 00:00:00'),
	('DTB-902-189-299',1686,100001,1,'22/07/2023 00:00:00'),
	('DTB-507-506-852',1626,100003,2,'29/03/2023 00:00:00'),
	('DTB-116-899-961',5084,100010,1,'09/07/2023 00:00:00'),
	('DTB-878-671-757',6051,100002,2,'25/10/2023 00:00:00'),
	('DSB-611-683-521',9856,100000,1,'06/07/2023 00:00:00'),
	('DSB-909-233-831',9952,100010,1,'18/12/2023 00:00:00'),
	('DTB-225-470-945',2528,100006,2,'09/04/2023 00:00:00'),
	('DTB-859-538-629',3182,100004,1,'27/12/2023 00:00:00'),
	('DTB-554-437-242',2786,100003,1,'06/12/2023 00:00:00'),
	('DS-393-585-539',3547,100007,2,'16/06/2023 00:00:00'),
	('DS-230-659-443',5763,100005,1,'24/06/2023 00:00:00'),
	('DSB-287-213-929',7072,100001,1,'22/03/2023 00:00:00'),
	('DSB-126-213-107',6907,100003,1,'14/02/2023 00:00:00'),
	('DS-456-917-602',8227,100004,2,'21/07/2023 00:00:00'),
	('DTB-299-201-461',5686,100000,2,'08/12/2023 00:00:00'),
	('DS-429-847-104',1699,100002,2,'28/08/2023 00:00:00'),
	('DTB-202-133-809',1801,100006,1,'18/01/2023 00:00:00'),
	('DTB-599-178-862',1906,100003,1,'09/11/2023 00:00:00'),
	('DS-148-720-355',1745,100006,2,'20/08/2023 00:00:00'),
	('DTB-752-489-658',2546,100001,2,'28/06/2023 00:00:00'),
	('DS-350-547-335',2416,100006,1,'14/02/2023 00:00:00'),
	('DSB-185-559-734',9155,100001,2,'06/03/2023 00:00:00'),
	('DTB-717-659-801',8751,100002,2,'30/12/2023 00:00:00'),
	('DTB-852-120-462',5865,100003,2,'02/08/2023 00:00:00'),
	('DS-442-947-647',1044,100010,2,'11/05/2023 00:00:00'),
	('DSB-761-223-182',8019,100004,1,'29/03/2023 00:00:00'),
	('DSB-595-986-597',5421,100003,2,'14/08/2023 00:00:00'),
	('DTB-381-815-411',4326,100008,1,'09/07/2023 00:00:00'),
	('DSB-425-190-500',3983,100003,2,'20/05/2023 00:00:00'),
	('DSB-777-850-495',2406,100005,2,'17/05/2023 00:00:00'),
	('DTB-744-765-370',4230,100003,2,'24/10/2023 00:00:00'),
	('DSB-137-197-617',5466,100002,2,'07/02/2023 00:00:00'),
	('DTB-146-629-185',5605,100001,2,'06/02/2023 00:00:00'),
	('DS-219-743-467',3723,100005,1,'28/04/2023 00:00:00'),
	('DTB-789-942-203',3235,100008,2,'08/08/2023 00:00:00'),
	('DS-653-826-671',4328,100006,1,'24/03/2023 00:00:00'),
	('DSB-150-144-605',9525,100007,1,'13/05/2023 00:00:00'),
	('DSB-720-273-289',7473,100007,1,'28/07/2023 00:00:00'),
	('DSB-408-665-602',5814,100005,2,'14/09/2023 00:00:00'),
	('DSB-749-609-804',3197,100003,1,'17/05/2023 00:00:00'),
	('DS-442-498-850',2509,100002,1,'11/07/2023 00:00:00'),
	('DSB-644-104-345',4107,100009,2,'22/11/2023 00:00:00'),
	('DSB-420-815-535',3479,100010,1,'08/08/2023 00:00:00'),
	('DTB-706-634-972',9473,100008,2,'28/10/2023 00:00:00'),
	('DSB-915-466-516',1849,100003,2,'17/09/2023 00:00:00'),
	('DS-469-351-647',8511,100009,1,'07/10/2023 00:00:00'),
	('DSB-104-892-177',268,100005,1,'20/02/2023 00:00:00'),
	('DS-238-377-498',7338,100010,2,'24/11/2023 00:00:00'),
	('DTB-124-179-182',997,100004,2,'23/05/2023 00:00:00'),
	('DSB-955-801-490',9224,100010,1,'17/07/2023 00:00:00'),
	('DTB-375-423-851',4618,100007,1,'13/11/2023 00:00:00'),
	('DTB-770-753-319',118,100007,2,'29/12/2023 00:00:00'),
	('DS-801-311-579',1474,100008,1,'12/02/2023 00:00:00'),
	('DS-568-852-306',6736,100005,1,'15/12/2023 00:00:00'),
	('DTB-574-145-927',6062,100010,2,'16/01/2023 00:00:00'),
	('DSB-805-241-218',8032,100003,2,'15/06/2023 00:00:00'),
	('DSB-608-872-315',1276,100004,1,'20/06/2023 00:00:00'),
	('DTB-980-195-716',13,100010,2,'09/08/2023 00:00:00'),
	('DTB-124-811-619',9644,100006,1,'11/04/2023 00:00:00'),
	('DTB-653-516-880',320,100004,1,'17/05/2023 00:00:00'),
	('DTB-232-340-571',1296,100010,2,'29/08/2023 00:00:00'),
	('DSB-371-302-712',1793,100003,1,'02/08/2023 00:00:00'),
	('DTB-369-539-306',464,100010,2,'29/10/2023 00:00:00'),
	('DS-426-614-231',1733,100005,2,'09/08/2023 00:00:00'),
	('DTB-922-825-725',1658,100006,1,'20/11/2023 00:00:00'),
	('DSB-785-665-762',6114,100004,2,'08/04/2023 00:00:00'),
	('DTB-667-521-670',4488,100001,1,'10/12/2023 00:00:00'),
	('DS-966-264-908',736,100000,1,'27/02/2023 00:00:00'),
	('DSB-618-298-395',9280,100008,1,'10/03/2023 00:00:00'),
	('DSB-637-369-281',6060,100002,2,'09/08/2023 00:00:00'),
	('DTB-726-578-442',9386,100009,2,'10/12/2023 00:00:00'),
	('DSB-322-596-206',900,100001,1,'04/02/2023 00:00:00'),
	('DSB-384-247-358',6446,100003,1,'28/06/2023 00:00:00'),
	('DTB-875-958-765',5762,100010,1,'01/01/2024 00:00:00'),
	('DS-602-190-930',979,100002,2,'30/06/2023 00:00:00'),
	('DTB-640-177-859',7500,100005,1,'28/09/2023 00:00:00'),
	('DS-236-990-748',7767,100001,1,'11/07/2023 00:00:00'),
	('DSB-879-328-611',8316,100008,1,'25/11/2023 00:00:00'),
	('DTB-116-439-102',6708,100001,1,'29/01/2023 00:00:00'),
	('DS-849-981-514',8500,100000,2,'29/10/2023 00:00:00'),
	('DS-726-686-279',9455,100006,2,'10/08/2023 00:00:00'),
	('DS-551-937-380',475,100002,1,'11/10/2023 00:00:00'),
	('DS-976-542-770',7364,100009,1,'09/10/2023 00:00:00');




CREATE DATABASE IF NOT EXISTS preppin_data;
USE preppin_data;

-- Select "Run" above to load this challenge.

CREATE TABLE pd2023_wk02_swift_codes (
  bank text,
  swift_code text,
  check_digits text
);

INSERT INTO pd2023_wk02_swift_codes (bank,swift_code,check_digits)
VALUES
('Lloyds Bank','LOYD','C1'),
('Barclays Bank','BARC','22'),
('Halifax','HLFX','22'),
('HSBC','HBUK','4B'),
('Natwest','NWBK','2L'),
('Santander','ABBY','3E'),
('Data Source Bank','DSBX','12');

CREATE TABLE pd2023_wk02_transactions (
  transaction_id bigint,
  account_number bigint,
  sort_code text,
  bank text
);

INSERT INTO pd2023_wk02_transactions (transaction_id,account_number,sort_code, bank)
VALUES
(3888,62230725,'95-98-82','Data Source Bank'),
(4746,83172326,'42-86-38','Barclays Bank'),
(5404,34302539,'53-28-21','Barclays Bank'),
(9013,13350031,'93-87-71','Natwest'),
(2535,68745993,'57-14-32','Barclays Bank'),
(4656,60830548,'79-82-74','Barclays Bank'),
(1245,68373125,'50-84-66','HSBC'),
(9741,43638730,'56-59-39','HSBC'),
(1671,77144031,'19-55-44','HSBC'),
(5574,40722610,'10-01-98','Halifax'),
(1298,30601237,'42-63-56','Santander'),
(7086,56630552,'59-77-44','Data Source Bank'),
(3959,82773607,'35-59-87','Barclays Bank'),
(6400,38383736,'80-43-62','Santander'),
(4870,79724968,'51-07-41','Lloyds Bank'),
(7778,38687214,'55-07-38','Barclays Bank'),
(1425,96930299,'74-78-92','HSBC'),
(1314,71210735,'61-85-79','Data Source Bank'),
(2774,10519002,'57-54-87','HSBC'),
(1493,12193988,'86-54-42','Data Source Bank'),
(5644,77656886,'21-84-17','Barclays Bank'),
(8664,51052559,'21-09-04','Santander'),
(8110,40072077,'65-90-52','Santander'),
(1572,72219605,'88-53-25','HSBC'),
(3279,58721386,'34-84-32','HSBC'),
(3892,53393048,'23-65-18','Santander'),
(5042,53092685,'23-91-44','HSBC'),
(1673,59488515,'92-57-52','Halifax'),
(9992,10170574,'71-69-40','HSBC'),
(6948,13213297,'16-58-65','Halifax'),
(9181,67860804,'96-92-40','Barclays Bank'),
(7066,85919526,'54-10-03','Santander'),
(5778,70255646,'75-78-34','Santander'),
(3890,75951736,'70-03-74','Santander'),
(1126,69969270,'45-82-55','Lloyds Bank'),
(8403,85946847,'29-27-09','Natwest'),
(1327,60934362,'25-31-88','Santander'),
(4580,57383660,'24-72-99','Halifax'),
(7353,21915880,'13-76-60','Halifax'),
(1952,53786334,'21-27-54','Data Source Bank'),
(2882,72954282,'43-47-40','HSBC'),
(4859,66763721,'66-30-74','HSBC'),
(4060,37658820,'58-37-23','Natwest'),
(6933,56478271,'41-19-26','Santander'),
(4756,94377199,'26-63-85','Santander'),
(4251,27270504,'64-48-21','Halifax'),
(4102,50508460,'59-66-01','Halifax'),
(9137,78873999,'41-31-60','Data Source Bank'),
(7809,33725878,'19-61-14','Natwest'),
(9307,22610455,'34-76-28','Natwest'),
(9415,44418182,'44-47-81','Santander'),
(2902,62609049,'67-35-70','HSBC'),
(2031,61059913,'73-48-50','Santander'),
(4856,38183636,'74-72-11','HSBC'),
(2570,92497278,'20-76-63','Barclays Bank'),
(4063,20220923,'28-17-86','Data Source Bank'),
(1730,76275760,'49-53-64','Barclays Bank'),
(6155,90692776,'24-81-52','HSBC'),
(3600,21348995,'33-53-08','Halifax'),
(8453,30335066,'64-94-58','Lloyds Bank'),
(1716,52310258,'68-36-36','Santander'),
(8864,91658439,'43-62-20','Santander'),
(9760,25504883,'90-53-55','HSBC'),
(2354,43602961,'23-88-18','Barclays Bank'),
(7081,25862478,'99-83-60','HSBC'),
(5955,71124764,'97-84-96','Lloyds Bank'),
(8500,46967961,'87-49-38','Lloyds Bank'),
(6054,47199472,'96-88-54','Lloyds Bank'),
(1614,38668066,'69-11-25','Halifax'),
(1215,25328896,'86-44-76','Barclays Bank'),
(4653,26844967,'98-29-08','Halifax'),
(5773,82021377,'43-86-13','Lloyds Bank'),
(1281,95862106,'42-25-27','Natwest'),
(3770,26013637,'32-54-90','Data Source Bank'),
(8808,41599267,'97-03-85','HSBC'),
(7665,86932953,'97-77-47','Barclays Bank'),
(5834,35061906,'73-78-90','Natwest'),
(6999,46226858,'79-64-75','Natwest'),
(3598,53420865,'93-26-30','Natwest'),
(2760,85744933,'28-06-60','Data Source Bank'),
(9224,32950330,'58-34-61','HSBC'),
(1062,50400945,'75-18-94','Barclays Bank'),
(2953,80259094,'16-15-74','Barclays Bank'),
(9530,74379515,'70-70-05','Data Source Bank'),
(8629,83955552,'65-35-80','Natwest'),
(7268,96412639,'88-75-24','Natwest'),
(2340,82753835,'95-74-19','HSBC'),
(7485,63007765,'63-46-17','Lloyds Bank'),
(9096,32710603,'74-25-95','HSBC'),
(2797,47474979,'36-63-21','Halifax'),
(9195,96432979,'29-36-99','Barclays Bank'),
(2868,53579089,'81-89-96','HSBC'),
(3270,42126094,'16-71-07','Natwest'),
(8813,83475180,'63-58-91','Lloyds Bank'),
(7983,58775796,'67-18-97','Natwest'),
(9373,44568613,'24-15-12','HSBC'),
(2021,72261023,'59-17-51','Lloyds Bank'),
(6764,10570182,'29-72-39','Data Source Bank'),
(3286,47326725,'21-85-30','Halifax'),
(7423,75616805,'49-31-26','Halifax');


-- PART 3 LOAD

CREATE TABLE pd2023_wk03_targets (
  online_or_in_person text,
  q1 bigint,
  q2 bigint,
  q3 bigint,
  q4 bigint
);

INSERT INTO pd2023_wk03_targets (online_or_in_person, q1, q2, q3, q4)
VALUES
('Online',72500,70000,60000,60000),
('In-Person',75000,70000,70000,60000);




CREATE TABLE IF NOT EXISTS pd2023_wk01_pt3 (
  transaction_code text,
  value bigint,
  customer_code bigint,
  online_or_in_person bigint,
  transaction_date text
);

INSERT INTO pd2023_wk01_pt3 (transaction_code, value, customer_code, online_or_in_person, transaction_date)
VALUES
('DTB-716-679-576',1448,100001,2,'20/03/2023 00:00:00'),
('DS-795-814-303',7839,100001,2,'15/11/2023 00:00:00'),
('DSB-807-592-406',5520,100005,1,'14/07/2023 00:00:00'),
('DS-367-545-264',7957,100007,2,'18/08/2023 00:00:00'),
('DSB-474-374-857',5375,100000,2,'26/08/2023 00:00:00'),
('DSB-448-546-348',4525,100009,1,'27/05/2023 00:00:00'),
('DS-213-969-866',2321,100007,2,'04/01/2023 00:00:00'),
('DS-341-615-729',1967,100004,1,'22/01/2023 00:00:00'),
('DTB-200-951-620',8105,100003,2,'10/01/2023 00:00:00'),
('DS-481-733-170',7908,100008,2,'26/11/2023 00:00:00'),
('DTB-625-200-665',8772,100009,2,'03/03/2023 00:00:00'),
('DSB-422-218-322',118,100010,1,'12/05/2023 00:00:00'),
('DSB-669-227-170',830,100001,1,'15/04/2023 00:00:00'),
('DS-350-414-539',1309,100005,1,'02/05/2023 00:00:00'),
('DSB-694-734-879',2735,100009,1,'16/11/2023 00:00:00'),
('DTB-210-744-537',5053,100003,1,'08/09/2023 00:00:00'),
('DTB-395-412-673',4305,100000,2,'29/03/2023 00:00:00'),
('DTB-849-468-150',8573,100010,1,'01/05/2023 00:00:00'),
('DS-827-477-284',6423,100002,2,'01/11/2023 00:00:00'),
('DSB-285-481-368',3289,100005,2,'18/11/2023 00:00:00'),
('DTB-376-157-113',1428,100000,1,'31/05/2023 00:00:00'),
('DS-812-253-860',8805,100006,1,'26/07/2023 00:00:00'),
('DTB-148-931-227',4684,100010,2,'26/02/2023 00:00:00'),
('DS-151-159-356',4209,100003,2,'19/07/2023 00:00:00'),
('DTB-879-606-315',2006,100002,2,'23/03/2023 00:00:00'),
('DSB-736-207-386',5726,100001,2,'23/05/2023 00:00:00'),
('DTB-674-351-540',8906,100006,1,'31/08/2023 00:00:00'),
('DTB-671-331-311',7103,100000,1,'25/05/2023 00:00:00'),
('DSB-460-438-644',1873,100002,1,'05/06/2023 00:00:00'),
('DTB-282-579-579',8872,100000,2,'11/11/2023 00:00:00'),
('DTB-503-676-601',1428,100005,2,'17/12/2023 00:00:00'),
('DTB-583-201-191',1582,100005,1,'29/10/2023 00:00:00'),
('DTB-591-795-428',1273,100010,1,'07/06/2023 00:00:00'),
('DS-572-444-870',2916,100000,1,'29/07/2023 00:00:00'),
('DS-546-394-608',8867,100002,2,'13/08/2023 00:00:00'),
('DSB-329-539-882',7759,100009,1,'17/11/2023 00:00:00'),
('DS-935-899-967',4160,100010,1,'24/06/2023 00:00:00'),
('DTB-740-461-459',7017,100010,1,'20/01/2023 00:00:00'),
('DSB-839-525-960',5285,100003,2,'04/07/2023 00:00:00'),
('DS-601-340-151',5177,100004,2,'21/05/2023 00:00:00'),
('DSB-916-313-878',891,100004,1,'23/08/2023 00:00:00'),
('DTB-387-329-401',8191,100008,2,'28/07/2023 00:00:00'),
('DS-300-637-714',7768,100006,2,'13/11/2023 00:00:00'),
('DTB-363-112-552',3723,100008,2,'14/01/2023 00:00:00'),
('DTB-893-876-909',1725,100010,2,'10/04/2023 00:00:00'),
('DS-909-642-426',1487,100004,1,'26/06/2023 00:00:00'),
('DS-927-701-335',7630,100010,2,'15/08/2023 00:00:00'),
('DS-370-476-555',5449,100008,2,'28/08/2023 00:00:00'),
('DS-355-542-864',7427,100008,1,'30/10/2023 00:00:00'),
('DS-212-505-641',5010,100004,1,'20/01/2023 00:00:00'),
('DS-844-497-425',203,100006,1,'30/06/2023 00:00:00'),
('DTB-510-431-441',3581,100000,2,'12/09/2023 00:00:00'),
('DTB-241-697-487',6357,100007,1,'12/12/2023 00:00:00'),
('DS-791-640-399',9644,100007,1,'14/09/2023 00:00:00'),
('DTB-467-201-973',4994,100009,1,'25/07/2023 00:00:00'),
('DS-397-219-926',3855,100000,1,'03/04/2023 00:00:00'),
('DSB-383-954-224',4482,100006,1,'02/05/2023 00:00:00'),
('DS-565-291-205',1804,100008,1,'22/06/2023 00:00:00'),
('DTB-246-670-752',5804,100002,1,'25/04/2023 00:00:00'),
('DTB-426-206-427',3763,100004,2,'15/07/2023 00:00:00'),
('DTB-472-169-553',5861,100009,2,'17/03/2023 00:00:00'),
('DS-965-495-114',2461,100004,2,'26/02/2023 00:00:00'),
('DTB-749-397-836',7378,100004,2,'26/08/2023 00:00:00'),
('DSB-944-891-977',7295,100006,1,'26/10/2023 00:00:00'),
('DS-945-974-199',6413,100000,2,'01/02/2023 00:00:00'),
('DSB-960-872-814',7234,100009,1,'04/03/2023 00:00:00'),
('DS-209-852-108',1114,100007,2,'06/01/2023 00:00:00'),
('DS-347-632-441',6321,100009,1,'07/04/2023 00:00:00'),
('DS-111-517-449',3007,100002,2,'10/03/2023 00:00:00'),
('DSB-958-959-319',453,100001,2,'25/11/2023 00:00:00'),
('DTB-386-766-694',7411,100006,1,'08/07/2023 00:00:00'),
('DTB-577-974-609',4899,100003,2,'21/12/2023 00:00:00'),
('DS-218-748-617',3252,100002,1,'13/01/2023 00:00:00'),
('DTB-862-308-123',738,100001,1,'20/06/2023 00:00:00'),
('DTB-274-779-444',6335,100004,1,'31/12/2023 00:00:00'),
('DTB-252-774-498',9460,100000,1,'22/10/2023 00:00:00'),
('DS-502-285-516',8758,100002,1,'30/09/2023 00:00:00'),
('DS-365-629-722',6859,100010,1,'08/07/2023 00:00:00'),
('DSB-387-682-854',1509,100000,2,'12/12/2023 00:00:00'),
('DS-258-197-667',6102,100008,1,'29/04/2023 00:00:00'),
('DSB-950-437-523',6107,100001,2,'14/01/2023 00:00:00'),
('DTB-586-583-900',436,100008,2,'20/07/2023 00:00:00'),
('DTB-553-704-541',4289,100003,1,'26/07/2023 00:00:00'),
('DTB-428-277-419',6015,100005,2,'13/01/2023 00:00:00'),
('DTB-944-219-439',5271,100001,2,'23/02/2023 00:00:00'),
('DTB-291-474-210',6395,100009,1,'09/10/2023 00:00:00'),
('DS-789-775-614',6646,100004,1,'16/08/2023 00:00:00'),
('DS-734-725-118',1447,100000,1,'12/12/2023 00:00:00'),
('DS-665-549-588',4793,100008,2,'16/11/2023 00:00:00'),
('DSB-717-342-793',2943,100008,2,'23/04/2023 00:00:00'),
('DS-679-253-456',1525,100000,2,'02/05/2023 00:00:00'),
('DSB-316-692-428',7570,100009,1,'18/01/2023 00:00:00'),
('DS-171-879-826',6720,100007,1,'28/04/2023 00:00:00'),
('DS-235-302-587',408,100007,2,'15/09/2023 00:00:00'),
('DS-955-235-250',8863,100001,1,'03/04/2023 00:00:00'),
('DTB-978-405-870',71,100005,2,'08/10/2023 00:00:00'),
('DS-866-694-363',1943,100003,2,'02/03/2023 00:00:00'),
('DS-687-299-953',2185,100003,2,'20/06/2023 00:00:00'),
('DSB-941-314-836',3919,100000,2,'12/01/2023 00:00:00'),
('DS-798-477-435',4419,100000,2,'06/03/2023 00:00:00'),
('DTB-747-347-342',8397,100000,1,'17/03/2023 00:00:00'),
('DSB-144-777-889',1747,100006,1,'16/03/2023 00:00:00'),
('DS-593-205-168',2185,100006,2,'27/11/2023 00:00:00'),
('DTB-278-276-131',310,100006,2,'04/10/2023 00:00:00'),
('DTB-403-626-859',375,100008,2,'08/04/2023 00:00:00'),
('DSB-947-805-863',6772,100006,2,'16/08/2023 00:00:00'),
('DSB-939-176-839',1661,100001,1,'05/02/2023 00:00:00'),
('DTB-940-583-541',4057,100003,2,'09/02/2023 00:00:00'),
('DS-526-540-759',7144,100001,2,'30/10/2023 00:00:00'),
('DTB-497-482-165',5156,100005,2,'25/03/2023 00:00:00'),
('DSB-585-219-171',9038,100010,2,'01/07/2023 00:00:00'),
('DTB-488-152-871',2377,100005,1,'01/12/2023 00:00:00'),
('DSB-479-502-581',2952,100005,2,'12/07/2023 00:00:00'),
('DSB-810-110-106',8010,100001,2,'19/01/2023 00:00:00'),
('DTB-372-398-449',1018,100000,2,'31/08/2023 00:00:00'),
('DTB-216-877-118',3399,100007,2,'20/10/2023 00:00:00'),
('DTB-576-237-983',8591,100010,2,'02/02/2023 00:00:00'),
('DS-710-262-749',1535,100001,1,'20/03/2023 00:00:00'),
('DS-198-943-233',5817,100001,1,'07/10/2023 00:00:00'),
('DSB-687-427-946',4548,100008,1,'21/05/2023 00:00:00'),
('DSB-398-171-429',6707,100005,2,'12/06/2023 00:00:00'),
('DS-467-273-977',3109,100000,1,'23/05/2023 00:00:00'),
('DSB-449-495-555',2749,100004,2,'21/11/2023 00:00:00'),
('DS-360-220-260',2426,100006,2,'04/03/2023 00:00:00'),
('DS-693-880-973',9231,100005,1,'05/07/2023 00:00:00'),
('DSB-863-337-664',6877,100008,1,'04/06/2023 00:00:00'),
('DTB-138-656-773',9742,100010,1,'28/03/2023 00:00:00'),
('DTB-100-567-899',6812,100000,1,'18/03/2023 00:00:00'),
('DTB-301-268-659',5489,100008,1,'27/07/2023 00:00:00'),
('DS-588-880-706',670,100001,2,'15/08/2023 00:00:00'),
('DSB-178-545-735',9556,100001,1,'22/09/2023 00:00:00'),
('DS-341-725-207',9446,100007,1,'30/08/2023 00:00:00'),
('DSB-640-103-666',3823,100008,1,'22/04/2023 00:00:00'),
('DS-288-137-909',9190,100006,1,'17/02/2023 00:00:00'),
('DTB-364-959-676',5625,100004,1,'29/11/2023 00:00:00'),
('DS-192-294-442',8423,100009,2,'04/08/2023 00:00:00'),
('DTB-328-895-365',7883,100000,2,'21/03/2023 00:00:00'),
('DSB-361-585-971',8013,100005,1,'31/10/2023 00:00:00'),
('DSB-889-783-271',7446,100010,2,'22/07/2023 00:00:00'),
('DTB-643-666-175',674,100004,1,'02/03/2023 00:00:00'),
('DTB-283-416-862',1143,100004,1,'11/08/2023 00:00:00'),
('DTB-281-301-536',9250,100001,1,'03/01/2023 00:00:00'),
('DTB-764-607-507',3688,100003,2,'01/10/2023 00:00:00'),
('DS-627-665-678',8305,100002,1,'20/08/2023 00:00:00'),
('DS-306-192-215',9662,100003,2,'23/05/2023 00:00:00'),
('DTB-449-596-494',2418,100010,2,'16/10/2023 00:00:00'),
('DTB-176-628-986',8413,100008,1,'02/05/2023 00:00:00'),
('DSB-897-391-762',9324,100009,1,'09/12/2023 00:00:00'),
('DS-125-329-654',3584,100000,2,'01/09/2023 00:00:00'),
('DTB-420-160-332',3479,100007,2,'07/02/2023 00:00:00'),
('DTB-369-603-601',2061,100009,2,'09/03/2023 00:00:00'),
('DS-254-703-528',9745,100006,2,'07/12/2023 00:00:00'),
('DTB-649-747-460',2534,100004,2,'16/05/2023 00:00:00'),
('DTB-441-852-659',858,100007,2,'17/04/2023 00:00:00'),
('DSB-780-635-767',4289,100001,2,'07/02/2023 00:00:00'),
('DTB-307-788-998',1892,100004,1,'22/06/2023 00:00:00'),
('DTB-341-297-581',8609,100001,1,'10/05/2023 00:00:00'),
('DSB-694-477-136',9787,100001,2,'12/03/2023 00:00:00'),
('DTB-959-794-142',87,100000,1,'13/03/2023 00:00:00'),
('DSB-973-745-368',3335,100010,1,'06/07/2023 00:00:00'),
('DTB-924-481-806',3445,100001,2,'11/12/2023 00:00:00'),
('DSB-445-567-300',5275,100006,2,'30/09/2023 00:00:00'),
('DS-737-300-225',4166,100006,1,'28/01/2023 00:00:00'),
('DS-655-186-971',1861,100009,1,'24/06/2023 00:00:00'),
('DTB-281-239-256',2583,100008,2,'05/05/2023 00:00:00'),
('DS-281-725-261',9687,100005,2,'27/06/2023 00:00:00'),
('DSB-381-770-854',1085,100004,2,'23/09/2023 00:00:00'),
('DS-878-496-891',4593,100004,2,'08/12/2023 00:00:00'),
('DSB-826-723-896',1172,100000,1,'01/04/2023 00:00:00'),
('DSB-453-650-136',2991,100006,1,'26/07/2023 00:00:00'),
('DS-670-149-112',271,100000,2,'14/08/2023 00:00:00'),
('DTB-186-299-741',3482,100008,1,'22/05/2023 00:00:00'),
('DS-586-726-999',9967,100007,2,'20/09/2023 00:00:00'),
('DTB-248-224-631',2515,100010,2,'29/11/2023 00:00:00'),
('DTB-774-131-267',5684,100009,1,'05/06/2023 00:00:00'),
('DS-187-721-748',5218,100000,2,'31/08/2023 00:00:00'),
('DTB-438-458-368',9504,100002,1,'15/08/2023 00:00:00'),
('DSB-351-311-669',4310,100001,1,'28/03/2023 00:00:00'),
('DS-404-581-678',9678,100004,2,'04/11/2023 00:00:00'),
('DSB-198-543-119',860,100000,2,'06/02/2023 00:00:00'),
('DTB-429-384-856',3396,100003,2,'16/12/2023 00:00:00'),
('DS-529-962-408',58,100000,1,'02/07/2023 00:00:00'),
('DS-404-603-233',9371,100004,2,'12/01/2023 00:00:00'),
('DS-511-603-331',9422,100000,2,'24/11/2023 00:00:00'),
('DTB-505-902-367',8724,100000,2,'05/01/2023 00:00:00'),
('DS-982-223-953',1889,100010,1,'09/03/2023 00:00:00'),
('DTB-510-953-856',1718,100004,1,'27/08/2023 00:00:00'),
('DSB-500-785-486',19,100005,1,'07/11/2023 00:00:00'),
('DS-592-224-216',2659,100001,2,'28/06/2023 00:00:00'),
('DTB-717-282-297',2429,100001,1,'31/07/2023 00:00:00'),
('DSB-111-998-812',383,100005,2,'19/11/2023 00:00:00'),
('DTB-719-148-403',9278,100005,2,'04/07/2023 00:00:00'),
('DSB-929-643-537',9695,100010,2,'21/10/2023 00:00:00'),
('DS-575-495-505',8939,100009,1,'14/10/2023 00:00:00'),
('DS-333-826-793',3517,100006,2,'31/05/2023 00:00:00'),
('DS-606-398-163',4151,100004,1,'27/05/2023 00:00:00'),
('DSB-826-702-433',3056,100007,2,'09/04/2023 00:00:00'),
('DSB-898-497-860',8495,100009,1,'05/10/2023 00:00:00'),
('DS-752-559-243',6584,100010,2,'03/05/2023 00:00:00'),
('DSB-986-129-701',5547,100010,2,'05/11/2023 00:00:00'),
('DS-455-564-114',7266,100006,2,'04/02/2023 00:00:00'),
('DSB-888-871-528',5835,100005,2,'26/02/2023 00:00:00'),
('DTB-457-113-683',8488,100003,2,'16/08/2023 00:00:00'),
('DS-375-648-276',4743,100002,1,'20/12/2023 00:00:00'),
('DTB-860-889-613',6177,100010,2,'21/02/2023 00:00:00'),
('DS-773-677-347',6688,100010,2,'28/12/2023 00:00:00'),
('DSB-578-322-363',2436,100007,1,'15/02/2023 00:00:00'),
('DS-755-385-242',2902,100008,1,'24/06/2023 00:00:00'),
('DS-732-121-304',2282,100003,2,'30/10/2023 00:00:00'),
('DSB-746-875-854',7212,100007,2,'30/07/2023 00:00:00'),
('DS-684-493-749',5201,100003,1,'04/04/2023 00:00:00'),
('DSB-322-517-459',3771,100006,1,'01/08/2023 00:00:00'),
('DTB-258-384-644',8588,100003,1,'09/11/2023 00:00:00'),
('DTB-974-818-255',4513,100003,1,'14/02/2023 00:00:00'),
('DS-886-508-866',9737,100010,2,'23/11/2023 00:00:00'),
('DTB-842-214-428',1023,100009,2,'17/02/2023 00:00:00'),
('DTB-141-142-814',3955,100002,1,'16/04/2023 00:00:00'),
('DS-751-551-926',4090,100010,2,'27/08/2023 00:00:00'),
('DS-172-783-290',6501,100007,2,'28/08/2023 00:00:00'),
('DS-259-641-898',4676,100009,1,'10/10/2023 00:00:00'),
('DS-634-302-762',6436,100000,2,'07/01/2023 00:00:00'),
('DS-769-269-955',7577,100007,2,'05/10/2023 00:00:00'),
('DS-531-203-189',8205,100009,1,'20/06/2023 00:00:00'),
('DTB-351-352-522',5483,100009,1,'03/06/2023 00:00:00'),
('DS-841-484-761',6833,100010,2,'11/11/2023 00:00:00'),
('DS-919-877-792',8132,100001,2,'06/08/2023 00:00:00'),
('DS-225-784-204',1248,100007,2,'07/02/2023 00:00:00'),
('DS-536-538-408',2281,100009,2,'18/10/2023 00:00:00'),
('DSB-486-829-786',6490,100004,2,'24/05/2023 00:00:00'),
('DTB-996-407-559',1457,100001,1,'14/05/2023 00:00:00'),
('DSB-682-505-375',4605,100005,2,'07/08/2023 00:00:00'),
('DSB-897-798-544',4894,100000,1,'04/03/2023 00:00:00'),
('DS-474-951-890',9153,100010,1,'20/01/2023 00:00:00'),
('DSB-151-451-963',7580,100002,2,'13/03/2023 00:00:00'),
('DSB-645-441-121',3580,100010,2,'27/06/2023 00:00:00'),
('DTB-494-624-292',4388,100005,2,'11/10/2023 00:00:00'),
('DSB-999-223-566',6610,100004,2,'15/04/2023 00:00:00'),
('DS-581-170-509',2228,100002,2,'11/11/2023 00:00:00'),
('DS-873-743-860',1486,100005,2,'23/03/2023 00:00:00'),
('DTB-240-732-707',3234,100003,2,'02/05/2023 00:00:00'),
('DTB-518-568-674',1813,100004,1,'23/03/2023 00:00:00'),
('DSB-449-576-263',6957,100002,1,'07/06/2023 00:00:00'),
('DTB-494-288-438',7061,100004,2,'20/09/2023 00:00:00'),
('DTB-652-964-540',213,100003,2,'07/07/2023 00:00:00'),
('DTB-921-399-721',1163,100009,2,'14/12/2023 00:00:00'),
('DTB-441-276-913',3974,100007,1,'19/03/2023 00:00:00'),
('DSB-966-187-561',9218,100003,2,'26/06/2023 00:00:00'),
('DS-894-660-291',8828,100008,1,'08/11/2023 00:00:00'),
('DS-495-454-269',9740,100007,2,'21/06/2023 00:00:00'),
('DS-943-492-887',5088,100002,2,'25/09/2023 00:00:00'),
('DTB-907-361-823',3616,100001,2,'08/10/2023 00:00:00'),
('DTB-987-599-339',3379,100001,1,'13/10/2023 00:00:00'),
('DSB-233-131-273',9402,100005,2,'24/03/2023 00:00:00'),
('DS-851-713-360',4095,100004,1,'29/09/2023 00:00:00'),
('DS-441-725-888',7417,100008,1,'25/01/2023 00:00:00'),
('DTB-943-852-828',3896,100000,1,'04/01/2023 00:00:00'),
('DTB-560-455-449',9885,100008,1,'17/08/2023 00:00:00'),
('DTB-379-731-417',8529,100003,2,'27/04/2023 00:00:00'),
('DSB-576-399-534',9624,100010,1,'17/06/2023 00:00:00'),
('DTB-477-648-723',9651,100006,2,'31/05/2023 00:00:00'),
('DSB-151-356-589',7282,100008,2,'15/11/2023 00:00:00'),
('DTB-245-565-791',9741,100008,2,'02/03/2023 00:00:00'),
('DS-170-847-698',4421,100006,2,'30/07/2023 00:00:00'),
('DSB-295-272-744',1143,100010,2,'15/01/2023 00:00:00'),
('DS-132-609-155',2637,100001,2,'18/05/2023 00:00:00'),
('DS-782-399-288',9957,100002,1,'26/03/2023 00:00:00'),
('DSB-879-779-671',4052,100008,1,'12/06/2023 00:00:00'),
('DTB-626-173-186',2104,100009,1,'21/06/2023 00:00:00'),
('DSB-737-365-104',5769,100004,2,'20/04/2023 00:00:00'),
('DSB-887-499-205',1183,100005,1,'15/07/2023 00:00:00'),
('DSB-346-293-547',5941,100010,1,'06/01/2023 00:00:00'),
('DSB-850-418-283',6323,100010,1,'30/01/2023 00:00:00'),
('DS-258-775-522',5888,100010,2,'02/11/2023 00:00:00'),
('DTB-805-505-997',3603,100002,2,'12/11/2023 00:00:00'),
('DSB-935-237-653',6023,100003,2,'05/01/2023 00:00:00'),
('DTB-581-151-417',8942,100002,2,'15/04/2023 00:00:00'),
('DTB-298-815-470',1109,100003,2,'31/08/2023 00:00:00'),
('DS-101-351-324',452,100004,1,'09/09/2023 00:00:00'),
('DTB-168-731-532',6505,100007,2,'12/08/2023 00:00:00'),
('DSB-958-715-703',8209,100010,2,'07/10/2023 00:00:00'),
('DS-487-940-164',3513,100002,1,'15/03/2023 00:00:00'),
('DS-731-491-480',2296,100008,1,'13/03/2023 00:00:00'),
('DTB-902-189-299',1686,100001,1,'22/07/2023 00:00:00'),
('DTB-507-506-852',1626,100003,2,'29/03/2023 00:00:00'),
('DTB-116-899-961',5084,100010,1,'09/07/2023 00:00:00'),
('DTB-878-671-757',6051,100002,2,'25/10/2023 00:00:00'),
('DSB-611-683-521',9856,100000,1,'06/07/2023 00:00:00'),
('DSB-909-233-831',9952,100010,1,'18/12/2023 00:00:00'),
('DTB-225-470-945',2528,100006,2,'09/04/2023 00:00:00'),
('DTB-859-538-629',3182,100004,1,'27/12/2023 00:00:00'),
('DTB-554-437-242',2786,100003,1,'06/12/2023 00:00:00'),
('DS-393-585-539',3547,100007,2,'16/06/2023 00:00:00'),
('DS-230-659-443',5763,100005,1,'24/06/2023 00:00:00'),
('DSB-287-213-929',7072,100001,1,'22/03/2023 00:00:00'),
('DSB-126-213-107',6907,100003,1,'14/02/2023 00:00:00'),
('DS-456-917-602',8227,100004,2,'21/07/2023 00:00:00'),
('DTB-299-201-461',5686,100000,2,'08/12/2023 00:00:00'),
('DS-429-847-104',1699,100002,2,'28/08/2023 00:00:00'),
('DTB-202-133-809',1801,100006,1,'18/01/2023 00:00:00'),
('DTB-599-178-862',1906,100003,1,'09/11/2023 00:00:00'),
('DS-148-720-355',1745,100006,2,'20/08/2023 00:00:00'),
('DTB-752-489-658',2546,100001,2,'28/06/2023 00:00:00'),
('DS-350-547-335',2416,100006,1,'14/02/2023 00:00:00'),
('DSB-185-559-734',9155,100001,2,'06/03/2023 00:00:00'),
('DTB-717-659-801',8751,100002,2,'30/12/2023 00:00:00'),
('DTB-852-120-462',5865,100003,2,'02/08/2023 00:00:00'),
('DS-442-947-647',1044,100010,2,'11/05/2023 00:00:00'),
('DSB-761-223-182',8019,100004,1,'29/03/2023 00:00:00'),
('DSB-595-986-597',5421,100003,2,'14/08/2023 00:00:00'),
('DTB-381-815-411',4326,100008,1,'09/07/2023 00:00:00'),
('DSB-425-190-500',3983,100003,2,'20/05/2023 00:00:00'),
('DSB-777-850-495',2406,100005,2,'17/05/2023 00:00:00'),
('DTB-744-765-370',4230,100003,2,'24/10/2023 00:00:00'),
('DSB-137-197-617',5466,100002,2,'07/02/2023 00:00:00'),
('DTB-146-629-185',5605,100001,2,'06/02/2023 00:00:00'),
('DS-219-743-467',3723,100005,1,'28/04/2023 00:00:00'),
('DTB-789-942-203',3235,100008,2,'08/08/2023 00:00:00'),
('DS-653-826-671',4328,100006,1,'24/03/2023 00:00:00'),
('DSB-150-144-605',9525,100007,1,'13/05/2023 00:00:00'),
('DSB-720-273-289',7473,100007,1,'28/07/2023 00:00:00'),
('DSB-408-665-602',5814,100005,2,'14/09/2023 00:00:00'),
('DSB-749-609-804',3197,100003,1,'17/05/2023 00:00:00'),
('DS-442-498-850',2509,100002,1,'11/07/2023 00:00:00'),
('DSB-644-104-345',4107,100009,2,'22/11/2023 00:00:00'),
('DSB-420-815-535',3479,100010,1,'08/08/2023 00:00:00'),
('DTB-706-634-972',9473,100008,2,'28/10/2023 00:00:00'),
('DSB-915-466-516',1849,100003,2,'17/09/2023 00:00:00'),
('DS-469-351-647',8511,100009,1,'07/10/2023 00:00:00'),
('DSB-104-892-177',268,100005,1,'20/02/2023 00:00:00'),
('DS-238-377-498',7338,100010,2,'24/11/2023 00:00:00'),
('DTB-124-179-182',997,100004,2,'23/05/2023 00:00:00'),
('DSB-955-801-490',9224,100010,1,'17/07/2023 00:00:00'),
('DTB-375-423-851',4618,100007,1,'13/11/2023 00:00:00'),
('DTB-770-753-319',118,100007,2,'29/12/2023 00:00:00'),
('DS-801-311-579',1474,100008,1,'12/02/2023 00:00:00'),
('DS-568-852-306',6736,100005,1,'15/12/2023 00:00:00'),
('DTB-574-145-927',6062,100010,2,'16/01/2023 00:00:00'),
('DSB-805-241-218',8032,100003,2,'15/06/2023 00:00:00'),
('DSB-608-872-315',1276,100004,1,'20/06/2023 00:00:00'),
('DTB-980-195-716',13,100010,2,'09/08/2023 00:00:00'),
('DTB-124-811-619',9644,100006,1,'11/04/2023 00:00:00'),
('DTB-653-516-880',320,100004,1,'17/05/2023 00:00:00'),
('DTB-232-340-571',1296,100010,2,'29/08/2023 00:00:00'),
('DSB-371-302-712',1793,100003,1,'02/08/2023 00:00:00'),
('DTB-369-539-306',464,100010,2,'29/10/2023 00:00:00'),
('DS-426-614-231',1733,100005,2,'09/08/2023 00:00:00'),
('DTB-922-825-725',1658,100006,1,'20/11/2023 00:00:00'),
('DSB-785-665-762',6114,100004,2,'08/04/2023 00:00:00'),
('DTB-667-521-670',4488,100001,1,'10/12/2023 00:00:00'),
('DS-966-264-908',736,100000,1,'27/02/2023 00:00:00'),
('DSB-618-298-395',9280,100008,1,'10/03/2023 00:00:00'),
('DSB-637-369-281',6060,100002,2,'09/08/2023 00:00:00'),
('DTB-726-578-442',9386,100009,2,'10/12/2023 00:00:00'),
('DSB-322-596-206',900,100001,1,'04/02/2023 00:00:00'),
('DSB-384-247-358',6446,100003,1,'28/06/2023 00:00:00'),
('DTB-875-958-765',5762,100010,1,'01/01/2024 00:00:00'),
('DS-602-190-930',979,100002,2,'30/06/2023 00:00:00'),
('DTB-640-177-859',7500,100005,1,'28/09/2023 00:00:00'),
('DS-236-990-748',7767,100001,1,'11/07/2023 00:00:00'),
('DSB-879-328-611',8316,100008,1,'25/11/2023 00:00:00'),
('DTB-116-439-102',6708,100001,1,'29/01/2023 00:00:00'),
('DS-849-981-514',8500,100000,2,'29/10/2023 00:00:00'),
('DS-726-686-279',9455,100006,2,'10/08/2023 00:00:00'),
('DS-551-937-380',475,100002,1,'11/10/2023 00:00:00'),
('DS-976-542-770',7364,100009,1,'09/10/2023 00:00:00');



-- Select "Run" above to load this challenge.

/*
REQUIREMENTS

- We want to stack the tables on top of one another, since they have the same fields in each sheet.
- Drag each table into the canvas and use a union step to stack them on top of one another
- Use a wildcard union in the input step of one of the tables
- Some of the fields aren't matching up as we'd expect, due to differences in spelling. Merge these fields together
- Make a Joining Date field based on the Joining Day, Table Names and the year 2023
- Now we want to reshape our data so we have a field for each demographic, for each new customer
- Make sure all the data types are correct for each field
- Remove duplicates 
- If a customer appears multiple times take their earliest joining date

Output the data

Challenge source: 
https://preppindata.blogspot.com/2023/01/2023-week-4-new-customers.html
*/
USE preppin_data;

CREATE TABLE pd2023_wk04_january (
  ID bigint,
  Joining_Day bigint,
  Demographic text,
  Value text
);

INSERT INTO pd2023_wk04_january (ID, Joining_Day, Demographic, Value)
VALUES
(490910,3,'Ethnicity','White'),
(490910,3,'Date of Birth','5/23/1981'),
(490910,3,'Account Type','Basic'),
(369221,18,'Ethnicity','Black'),
(369221,18,'Date of Birth','3/4/2019'),
(369221,18,'Account Type','Platinum'),
(568991,16,'Ethnicity','White'),
(568991,16,'Date of Birth','4/27/1979'),
(568991,16,'Account Type','Gold'),
(191607,9,'Ethnicity','White'),
(191607,9,'Date of Birth','3/15/1963'),
(191607,9,'Account Type','Gold'),
(612794,29,'Ethnicity','Asian'),
(612794,29,'Date of Birth','11/12/1981'),
(612794,29,'Account Type','Basic'),
(863243,1,'Ethnicity','Other'),
(863243,1,'Date of Birth','12/30/2007'),
(863243,1,'Account Type','Platinum'),
(893948,1,'Ethnicity','White'),
(893948,1,'Date of Birth','9/1/2013'),
(893948,1,'Account Type','Gold'),
(784685,29,'Ethnicity','White'),
(784685,29,'Date of Birth','6/17/1968'),
(784685,29,'Account Type','Platinum'),
(871764,2,'Ethnicity','White'),
(871764,2,'Date of Birth','10/29/1967'),
(871764,2,'Account Type','Gold'),
(119237,15,'Ethnicity','Other'),
(119237,15,'Date of Birth','9/18/2012'),
(119237,15,'Account Type','Platinum'),
(527712,2,'Ethnicity','White'),
(527712,2,'Date of Birth','9/27/1996'),
(527712,2,'Account Type','Platinum'),
(806804,28,'Ethnicity','Other'),
(806804,28,'Date of Birth','10/5/1948'),
(806804,28,'Account Type','Basic'),
(604893,4,'Ethnicity','White'),
(604893,4,'Date of Birth','11/10/1959'),
(604893,4,'Account Type','Platinum'),
(683051,13,'Ethnicity','Black'),
(683051,13,'Date of Birth','7/8/1957'),
(683051,13,'Account Type','Basic'),
(772826,28,'Ethnicity','White'),
(772826,28,'Date of Birth','8/29/1978'),
(772826,28,'Account Type','Basic'),
(201696,14,'Ethnicity','Asian'),
(201696,14,'Date of Birth','2/5/1996'),
(201696,14,'Account Type','Gold'),
(742071,19,'Ethnicity','White'),
(742071,19,'Date of Birth','9/22/1968'),
(742071,19,'Account Type','Platinum'),
(491519,10,'Ethnicity','Asian'),
(491519,10,'Date of Birth','4/4/1955'),
(491519,10,'Account Type','Gold'),
(957631,29,'Ethnicity','Black'),
(957631,29,'Date of Birth','6/19/1956'),
(957631,29,'Account Type','Basic'),
(548577,23,'Ethnicity','White'),
(548577,23,'Date of Birth','5/9/1962'),
(548577,23,'Account Type','Basic'),
(471554,2,'Ethnicity','White'),
(471554,2,'Date of Birth','4/22/1990'),
(471554,2,'Account Type','Basic'),
(716354,10,'Ethnicity','Black'),
(716354,10,'Date of Birth','12/18/1997'),
(716354,10,'Account Type','Gold'),
(246208,4,'Ethnicity','White'),
(246208,4,'Date of Birth','9/11/1996'),
(246208,4,'Account Type','Platinum'),
(543545,8,'Ethnicity','Asian'),
(543545,8,'Date of Birth','8/30/1986'),
(543545,8,'Account Type','Basic'),
(733667,20,'Ethnicity','Black'),
(733667,20,'Date of Birth','11/15/1944'),
(733667,20,'Account Type','Platinum'),
(174968,10,'Ethnicity','Other'),
(174968,10,'Date of Birth','9/30/1980'),
(174968,10,'Account Type','Platinum'),
(626975,27,'Ethnicity','Black'),
(626975,27,'Date of Birth','10/4/1948'),
(626975,27,'Account Type','Basic'),
(721471,31,'Ethnicity','Other'),
(721471,31,'Date of Birth','8/17/1985'),
(721471,31,'Account Type','Platinum'),
(349505,3,'Ethnicity','White'),
(349505,3,'Date of Birth','9/13/1961'),
(349505,3,'Account Type','Basic'),
(806648,29,'Ethnicity','Other'),
(806648,29,'Date of Birth','8/20/1986'),
(806648,29,'Account Type','Platinum'),
(602662,9,'Ethnicity','Other'),
(602662,9,'Date of Birth','3/7/1958'),
(602662,9,'Account Type','Basic'),
(472457,19,'Ethnicity','Black'),
(472457,19,'Date of Birth','1/30/1991'),
(472457,19,'Account Type','Gold'),
(591154,23,'Ethnicity','Black'),
(591154,23,'Date of Birth','12/1/2002'),
(591154,23,'Account Type','Basic'),
(899966,5,'Ethnicity','White'),
(899966,5,'Date of Birth','2/13/2015'),
(899966,5,'Account Type','Gold'),
(761244,2,'Ethnicity','White'),
(761244,2,'Date of Birth','12/26/1942'),
(761244,2,'Account Type','Platinum'),
(276875,14,'Ethnicity','Black'),
(276875,14,'Date of Birth','8/27/1989'),
(276875,14,'Account Type','Gold'),
(223982,4,'Ethnicity','White'),
(223982,4,'Date of Birth','8/12/1956'),
(223982,4,'Account Type','Gold'),
(777515,31,'Ethnicity','White'),
(777515,31,'Date of Birth','4/3/1989'),
(777515,31,'Account Type','Basic'),
(611859,18,'Ethnicity','Other'),
(611859,18,'Date of Birth','12/2/1977'),
(611859,18,'Account Type','Platinum'),
(139746,19,'Ethnicity','Black'),
(139746,19,'Date of Birth','2/27/1948'),
(139746,19,'Account Type','Gold'),
(189787,20,'Ethnicity','Black'),
(189787,20,'Date of Birth','5/12/1986'),
(189787,20,'Account Type','Basic'),
(580145,13,'Ethnicity','Asian'),
(580145,13,'Date of Birth','11/14/2015'),
(580145,13,'Account Type','Basic'),
(754791,3,'Ethnicity','Other'),
(754791,3,'Date of Birth','7/17/1952'),
(754791,3,'Account Type','Basic'),
(809513,6,'Ethnicity','Black'),
(809513,6,'Date of Birth','1/1/1951'),
(809513,6,'Account Type','Basic'),
(596604,17,'Ethnicity','Asian'),
(596604,17,'Date of Birth','4/29/2000'),
(596604,17,'Account Type','Gold'),
(691378,27,'Ethnicity','Other'),
(691378,27,'Date of Birth','12/7/1979'),
(691378,27,'Account Type','Basic'),
(483606,14,'Ethnicity','Other'),
(483606,14,'Date of Birth','7/3/1941'),
(483606,14,'Account Type','Platinum'),
(673141,19,'Ethnicity','White'),
(673141,19,'Date of Birth','12/30/1955'),
(673141,19,'Account Type','Gold'),
(547679,11,'Ethnicity','White'),
(547679,11,'Date of Birth','2/7/1949'),
(547679,11,'Account Type','Basic'),
(850402,23,'Ethnicity','Other'),
(850402,23,'Date of Birth','9/17/1991'),
(850402,23,'Account Type','Gold'),
(427577,10,'Ethnicity','Asian'),
(427577,10,'Date of Birth','1/6/1971'),
(427577,10,'Account Type','Basic'),
(755120,12,'Ethnicity','Other'),
(755120,12,'Date of Birth','7/6/1984'),
(755120,12,'Account Type','Platinum'),
(806747,5,'Ethnicity','Other'),
(806747,5,'Date of Birth','5/31/2007'),
(806747,5,'Account Type','Basic'),
(801438,31,'Ethnicity','Asian'),
(801438,31,'Date of Birth','6/20/1950'),
(801438,31,'Account Type','Basic'),
(960368,26,'Ethnicity','Asian'),
(960368,26,'Date of Birth','9/5/1997'),
(960368,26,'Account Type','Platinum'),
(673358,12,'Ethnicity','Other'),
(673358,12,'Date of Birth','1/14/2014'),
(673358,12,'Account Type','Platinum'),
(306487,14,'Ethnicity','Black'),
(306487,14,'Date of Birth','6/26/1970'),
(306487,14,'Account Type','Basic'),
(467914,25,'Ethnicity','Asian'),
(467914,25,'Date of Birth','2/25/1990'),
(467914,25,'Account Type','Gold'),
(155713,12,'Ethnicity','White'),
(155713,12,'Date of Birth','7/3/2009'),
(155713,12,'Account Type','Platinum'),
(596558,17,'Ethnicity','Black'),
(596558,17,'Date of Birth','3/22/1951'),
(596558,17,'Account Type','Gold'),
(888481,11,'Ethnicity','Other'),
(888481,11,'Date of Birth','10/14/2017'),
(888481,11,'Account Type','Basic'),
(785116,24,'Ethnicity','White'),
(785116,24,'Date of Birth','11/25/1957'),
(785116,24,'Account Type','Gold'),
(102704,23,'Ethnicity','Black'),
(102704,23,'Date of Birth','3/9/2000'),
(102704,23,'Account Type','Basic'),
(714800,26,'Ethnicity','Asian'),
(714800,26,'Date of Birth','6/25/1974'),
(714800,26,'Account Type','Basic'),
(311919,4,'Ethnicity','Other'),
(311919,4,'Date of Birth','6/26/1961'),
(311919,4,'Account Type','Gold'),
(806735,11,'Ethnicity','Asian'),
(806735,11,'Date of Birth','4/15/1945'),
(806735,11,'Account Type','Platinum'),
(711747,30,'Ethnicity','White'),
(711747,30,'Date of Birth','9/28/1940'),
(711747,30,'Account Type','Gold'),
(920752,4,'Ethnicity','White'),
(920752,4,'Date of Birth','9/1/1990'),
(920752,4,'Account Type','Gold'),
(888532,17,'Ethnicity','White'),
(888532,17,'Date of Birth','1/11/2013'),
(888532,17,'Account Type','Gold'),
(177159,11,'Ethnicity','White'),
(177159,11,'Date of Birth','11/10/1953'),
(177159,11,'Account Type','Basic'),
(845293,2,'Ethnicity','Black'),
(845293,2,'Date of Birth','5/28/1946'),
(845293,2,'Account Type','Platinum'),
(994611,10,'Ethnicity','Black'),
(994611,10,'Date of Birth','6/19/1994'),
(994611,10,'Account Type','Basic'),
(554004,27,'Ethnicity','Asian'),
(554004,27,'Date of Birth','7/20/1997'),
(554004,27,'Account Type','Gold'),
(933040,16,'Ethnicity','Asian'),
(933040,16,'Date of Birth','12/12/1991'),
(933040,16,'Account Type','Gold'),
(929308,5,'Ethnicity','Other'),
(929308,5,'Date of Birth','10/19/2004'),
(929308,5,'Account Type','Basic'),
(314042,5,'Ethnicity','Asian'),
(314042,5,'Date of Birth','12/26/1986'),
(314042,5,'Account Type','Platinum'),
(829199,5,'Ethnicity','Other'),
(829199,5,'Date of Birth','1/25/1978'),
(829199,5,'Account Type','Basic'),
(731003,13,'Ethnicity','White'),
(731003,13,'Date of Birth','9/16/1941'),
(731003,13,'Account Type','Platinum'),
(176024,14,'Ethnicity','Other'),
(176024,14,'Date of Birth','12/26/1999'),
(176024,14,'Account Type','Gold'),
(943375,24,'Ethnicity','Other'),
(943375,24,'Date of Birth','7/26/1958'),
(943375,24,'Account Type','Platinum'),
(813344,20,'Ethnicity','White'),
(813344,20,'Date of Birth','11/4/1966'),
(813344,20,'Account Type','Gold'),
(840464,6,'Ethnicity','Asian'),
(840464,6,'Date of Birth','7/18/1968'),
(840464,6,'Account Type','Gold'),
(674869,13,'Ethnicity','Asian'),
(674869,13,'Date of Birth','6/6/1991'),
(674869,13,'Account Type','Platinum');

CREATE TABLE pd2023_wk04_february (
  ID bigint,
  Joining_Day bigint,
  Demographic text,
  Value text
);

INSERT INTO pd2023_wk04_february (ID, Joining_Day, Demographic, Value)
VALUES
(473692,20,'Ethnicity','White'),
(473692,20,'Date of Birth','3/23/2012'),
(473692,20,'Account Type','Basic'),
(150853,5,'Ethnicity','Other'),
(150853,5,'Date of Birth','7/9/1991'),
(150853,5,'Account Type','Basic'),
(627428,1,'Ethnicity','White'),
(627428,1,'Date of Birth','11/5/2018'),
(627428,1,'Account Type','Platinum'),
(606864,8,'Ethnicity','Other'),
(606864,8,'Date of Birth','10/5/1945'),
(606864,8,'Account Type','Platinum'),
(664634,6,'Ethnicity','Black'),
(664634,6,'Date of Birth','3/5/1952'),
(664634,6,'Account Type','Basic'),
(315439,9,'Ethnicity','White'),
(315439,9,'Date of Birth','5/23/1999'),
(315439,9,'Account Type','Basic'),
(712911,18,'Ethnicity','Other'),
(712911,18,'Date of Birth','6/5/1943'),
(712911,18,'Account Type','Gold'),
(478020,27,'Ethnicity','Black'),
(478020,27,'Date of Birth','5/16/1987'),
(478020,27,'Account Type','Gold'),
(366334,5,'Ethnicity','Other'),
(366334,5,'Date of Birth','10/15/1996'),
(366334,5,'Account Type','Platinum'),
(978930,25,'Ethnicity','Asian'),
(978930,25,'Date of Birth','3/27/2016'),
(978930,25,'Account Type','Basic'),
(898177,28,'Ethnicity','Asian'),
(898177,28,'Date of Birth','10/13/1975'),
(898177,28,'Account Type','Platinum'),
(938610,14,'Ethnicity','Other'),
(938610,14,'Date of Birth','11/18/2006'),
(938610,14,'Account Type','Platinum'),
(624601,18,'Ethnicity','Other'),
(624601,18,'Date of Birth','4/20/1991'),
(624601,18,'Account Type','Gold'),
(900910,27,'Ethnicity','White'),
(900910,27,'Date of Birth','9/21/1967'),
(900910,27,'Account Type','Gold'),
(303669,18,'Ethnicity','Black'),
(303669,18,'Date of Birth','1/3/2016'),
(303669,18,'Account Type','Basic'),
(995456,17,'Ethnicity','Other'),
(995456,17,'Date of Birth','3/5/1975'),
(995456,17,'Account Type','Basic'),
(598787,1,'Ethnicity','Other'),
(598787,1,'Date of Birth','9/11/1962'),
(598787,1,'Account Type','Basic'),
(239484,6,'Ethnicity','Other'),
(239484,6,'Date of Birth','5/1/1999'),
(239484,6,'Account Type','Gold'),
(188081,26,'Ethnicity','Other'),
(188081,26,'Date of Birth','5/29/1969'),
(188081,26,'Account Type','Basic'),
(828504,10,'Ethnicity','Other'),
(828504,10,'Date of Birth','9/21/2013'),
(828504,10,'Account Type','Basic'),
(150648,2,'Ethnicity','Black'),
(150648,2,'Date of Birth','6/4/1950'),
(150648,2,'Account Type','Basic'),
(263796,24,'Ethnicity','White'),
(263796,24,'Date of Birth','2/10/1952'),
(263796,24,'Account Type','Gold'),
(662810,25,'Ethnicity','Asian'),
(662810,25,'Date of Birth','12/11/1994'),
(662810,25,'Account Type','Gold'),
(988008,6,'Ethnicity','Asian'),
(988008,6,'Date of Birth','7/9/1971'),
(988008,6,'Account Type','Gold'),
(126580,7,'Ethnicity','Black'),
(126580,7,'Date of Birth','7/17/1945'),
(126580,7,'Account Type','Platinum'),
(307769,16,'Ethnicity','White'),
(307769,16,'Date of Birth','7/26/1981'),
(307769,16,'Account Type','Gold'),
(890043,8,'Ethnicity','White'),
(890043,8,'Date of Birth','5/24/2010'),
(890043,8,'Account Type','Basic'),
(866947,2,'Ethnicity','Other'),
(866947,2,'Date of Birth','4/11/1949'),
(866947,2,'Account Type','Gold'),
(200988,24,'Ethnicity','Asian'),
(200988,24,'Date of Birth','10/8/1969'),
(200988,24,'Account Type','Platinum'),
(667559,14,'Ethnicity','Other'),
(667559,14,'Date of Birth','5/16/1985'),
(667559,14,'Account Type','Basic'),
(862571,7,'Ethnicity','Black'),
(862571,7,'Date of Birth','3/10/1962'),
(862571,7,'Account Type','Gold'),
(448076,20,'Ethnicity','White'),
(448076,20,'Date of Birth','10/7/1995'),
(448076,20,'Account Type','Platinum'),
(993967,15,'Ethnicity','Asian'),
(993967,15,'Date of Birth','2/23/1951'),
(993967,15,'Account Type','Platinum'),
(748205,5,'Ethnicity','Asian'),
(748205,5,'Date of Birth','6/19/2002'),
(748205,5,'Account Type','Gold'),
(582245,20,'Ethnicity','Other'),
(582245,20,'Date of Birth','2/17/2012'),
(582245,20,'Account Type','Platinum'),
(429112,8,'Ethnicity','Black'),
(429112,8,'Date of Birth','11/20/1993'),
(429112,8,'Account Type','Basic'),
(528281,22,'Ethnicity','Black'),
(528281,22,'Date of Birth','12/22/2009'),
(528281,22,'Account Type','Basic'),
(698182,20,'Ethnicity','Asian'),
(698182,20,'Date of Birth','12/28/1960'),
(698182,20,'Account Type','Gold'),
(141574,9,'Ethnicity','Other'),
(141574,9,'Date of Birth','12/18/2012'),
(141574,9,'Account Type','Platinum'),
(253467,5,'Ethnicity','Asian'),
(253467,5,'Date of Birth','7/29/1984'),
(253467,5,'Account Type','Basic'),
(290840,14,'Ethnicity','Asian'),
(290840,14,'Date of Birth','8/3/2001'),
(290840,14,'Account Type','Gold'),
(313159,27,'Ethnicity','White'),
(313159,27,'Date of Birth','9/23/2008'),
(313159,27,'Account Type','Platinum'),
(771442,22,'Ethnicity','White'),
(771442,22,'Date of Birth','5/7/1974'),
(771442,22,'Account Type','Basic'),
(305931,9,'Ethnicity','Other'),
(305931,9,'Date of Birth','10/1/2011'),
(305931,9,'Account Type','Platinum'),
(399130,28,'Ethnicity','Asian'),
(399130,28,'Date of Birth','7/4/1958'),
(399130,28,'Account Type','Basic'),
(867729,3,'Ethnicity','Black'),
(867729,3,'Date of Birth','4/24/1957'),
(867729,3,'Account Type','Basic'),
(236432,20,'Ethnicity','White'),
(236432,20,'Date of Birth','10/13/1957'),
(236432,20,'Account Type','Basic'),
(633342,8,'Ethnicity','Asian'),
(633342,8,'Date of Birth','3/25/1972'),
(633342,8,'Account Type','Basic'),
(940601,9,'Ethnicity','Other'),
(940601,9,'Date of Birth','8/4/2011'),
(940601,9,'Account Type','Platinum'),
(203783,24,'Ethnicity','Black'),
(203783,24,'Date of Birth','7/10/1975'),
(203783,24,'Account Type','Platinum'),
(371550,2,'Ethnicity','Black'),
(371550,2,'Date of Birth','8/20/2004'),
(371550,2,'Account Type','Basic'),
(742364,2,'Ethnicity','Black'),
(742364,2,'Date of Birth','9/9/1978'),
(742364,2,'Account Type','Gold'),
(149442,23,'Ethnicity','Other'),
(149442,23,'Date of Birth','6/10/1952'),
(149442,23,'Account Type','Gold'),
(134738,4,'Ethnicity','Asian'),
(134738,4,'Date of Birth','4/21/1992'),
(134738,4,'Account Type','Basic'),
(804513,25,'Ethnicity','Asian'),
(804513,25,'Date of Birth','5/12/1974'),
(804513,25,'Account Type','Gold'),
(747974,10,'Ethnicity','Asian'),
(747974,10,'Date of Birth','8/14/1966'),
(747974,10,'Account Type','Gold'),
(435231,11,'Ethnicity','Black'),
(435231,11,'Date of Birth','1/2/2012'),
(435231,11,'Account Type','Gold'),
(440691,16,'Ethnicity','White'),
(440691,16,'Date of Birth','7/2/2013'),
(440691,16,'Account Type','Basic'),
(639573,3,'Ethnicity','Other'),
(639573,3,'Date of Birth','10/7/1943'),
(639573,3,'Account Type','Gold'),
(793000,12,'Ethnicity','Asian'),
(793000,12,'Date of Birth','4/29/1951'),
(793000,12,'Account Type','Basic'),
(418614,22,'Ethnicity','White'),
(418614,22,'Date of Birth','11/17/2013'),
(418614,22,'Account Type','Gold'),
(829902,11,'Ethnicity','Other'),
(829902,11,'Date of Birth','4/14/1968'),
(829902,11,'Account Type','Platinum'),
(533119,17,'Ethnicity','White'),
(533119,17,'Date of Birth','1/25/1960'),
(533119,17,'Account Type','Platinum'),
(287391,6,'Ethnicity','Other'),
(287391,6,'Date of Birth','11/25/1954'),
(287391,6,'Account Type','Platinum'),
(913984,15,'Ethnicity','White'),
(913984,15,'Date of Birth','9/6/2008'),
(913984,15,'Account Type','Platinum'),
(336949,27,'Ethnicity','White'),
(336949,27,'Date of Birth','12/20/1976'),
(336949,27,'Account Type','Platinum'),
(523380,21,'Ethnicity','Asian'),
(523380,21,'Date of Birth','12/23/1994'),
(523380,21,'Account Type','Platinum'),
(645286,15,'Ethnicity','Other'),
(645286,15,'Date of Birth','5/7/2006'),
(645286,15,'Account Type','Basic'),
(426503,26,'Ethnicity','Other'),
(426503,26,'Date of Birth','9/3/2009'),
(426503,26,'Account Type','Platinum'),
(322646,27,'Ethnicity','Asian'),
(322646,27,'Date of Birth','2/24/1956'),
(322646,27,'Account Type','Basic'),
(430823,27,'Ethnicity','White'),
(430823,27,'Date of Birth','11/22/1986'),
(430823,27,'Account Type','Gold'),
(905817,17,'Ethnicity','Other'),
(905817,17,'Date of Birth','4/24/1969'),
(905817,17,'Account Type','Gold'),
(978249,20,'Ethnicity','Asian'),
(978249,20,'Date of Birth','7/9/1944'),
(978249,20,'Account Type','Platinum'),
(863998,24,'Ethnicity','Asian'),
(863998,24,'Date of Birth','11/23/2006'),
(863998,24,'Account Type','Platinum'),
(535172,18,'Ethnicity','Asian'),
(535172,18,'Date of Birth','12/23/1964'),
(535172,18,'Account Type','Basic'),
(884641,12,'Ethnicity','Other'),
(884641,12,'Date of Birth','2/20/1970'),
(884641,12,'Account Type','Basic'),
(695485,12,'Ethnicity','White'),
(695485,12,'Date of Birth','11/26/1954'),
(695485,12,'Account Type','Gold'),
(583851,16,'Ethnicity','Other'),
(583851,16,'Date of Birth','2/26/2006'),
(583851,16,'Account Type','Gold'),
(436544,11,'Ethnicity','Black'),
(436544,11,'Date of Birth','4/10/2013'),
(436544,11,'Account Type','Basic'),
(844387,2,'Ethnicity','Asian'),
(844387,2,'Date of Birth','1/17/1950'),
(844387,2,'Account Type','Basic'),
(128220,27,'Ethnicity','Other'),
(128220,27,'Date of Birth','3/22/1947'),
(128220,27,'Account Type','Basic'),
(737345,14,'Ethnicity','Other'),
(737345,14,'Date of Birth','1/27/1971'),
(737345,14,'Account Type','Gold'),
(431391,2,'Ethnicity','Other'),
(431391,2,'Date of Birth','4/25/1980'),
(431391,2,'Account Type','Basic'),
(375824,10,'Ethnicity','Other'),
(375824,10,'Date of Birth','7/5/1978'),
(375824,10,'Account Type','Platinum'),
(247253,21,'Ethnicity','Asian'),
(247253,21,'Date of Birth','9/26/1987'),
(247253,21,'Account Type','Gold');

CREATE TABLE pd2023_wk04_march (
  ID bigint,
  Joining_Day bigint,
  Demographic text,
  Value text
);

INSERT INTO pd2023_wk04_march (ID, Joining_Day, Demographic, Value)
VALUES
(373223,29,'Ethnicity','Asian'),
(373223,29,'Date of Birth','11/12/1985'),
(373223,29,'Account Type','Basic'),
(805034,19,'Ethnicity','Asian'),
(805034,19,'Date of Birth','1/10/1968'),
(805034,19,'Account Type','Platinum'),
(842913,29,'Ethnicity','Other'),
(842913,29,'Date of Birth','4/22/1945'),
(842913,29,'Account Type','Gold'),
(755287,24,'Ethnicity','Black'),
(755287,24,'Date of Birth','8/27/1997'),
(755287,24,'Account Type','Platinum'),
(700950,10,'Ethnicity','Black'),
(700950,10,'Date of Birth','6/18/1940'),
(700950,10,'Account Type','Basic'),
(115702,14,'Ethnicity','Black'),
(115702,14,'Date of Birth','2/17/1977'),
(115702,14,'Account Type','Platinum'),
(664810,10,'Ethnicity','Black'),
(664810,10,'Date of Birth','7/2/1947'),
(664810,10,'Account Type','Gold'),
(698434,11,'Ethnicity','Black'),
(698434,11,'Date of Birth','12/23/1946'),
(698434,11,'Account Type','Basic'),
(287144,23,'Ethnicity','White'),
(287144,23,'Date of Birth','9/25/1976'),
(287144,23,'Account Type','Platinum'),
(980787,13,'Ethnicity','Black'),
(980787,13,'Date of Birth','2/18/1975'),
(980787,13,'Account Type','Platinum'),
(487923,22,'Ethnicity','White'),
(487923,22,'Date of Birth','6/28/1990'),
(487923,22,'Account Type','Platinum'),
(512194,13,'Ethnicity','White'),
(512194,13,'Date of Birth','4/9/1985'),
(512194,13,'Account Type','Gold'),
(135265,28,'Ethnicity','White'),
(135265,28,'Date of Birth','2/9/1940'),
(135265,28,'Account Type','Platinum'),
(762476,23,'Ethnicity','Other'),
(762476,23,'Date of Birth','6/3/1956'),
(762476,23,'Account Type','Basic'),
(506007,23,'Ethnicity','Asian'),
(506007,23,'Date of Birth','12/1/1979'),
(506007,23,'Account Type','Basic'),
(221229,13,'Ethnicity','White'),
(221229,13,'Date of Birth','2/26/1965'),
(221229,13,'Account Type','Platinum'),
(650842,28,'Ethnicity','Other'),
(650842,28,'Date of Birth','6/6/1953'),
(650842,28,'Account Type','Gold'),
(675810,12,'Ethnicity','Other'),
(675810,12,'Date of Birth','12/12/1968'),
(675810,12,'Account Type','Gold'),
(989180,14,'Ethnicity','White'),
(989180,14,'Date of Birth','9/18/1953'),
(989180,14,'Account Type','Gold'),
(250381,26,'Ethnicity','Other'),
(250381,26,'Date of Birth','5/18/1945'),
(250381,26,'Account Type','Platinum'),
(548861,24,'Ethnicity','Other'),
(548861,24,'Date of Birth','5/3/1962'),
(548861,24,'Account Type','Platinum'),
(184141,22,'Ethnicity','Black'),
(184141,22,'Date of Birth','3/18/1949'),
(184141,22,'Account Type','Basic'),
(830235,14,'Ethnicity','Black'),
(830235,14,'Date of Birth','8/15/1947'),
(830235,14,'Account Type','Gold'),
(664103,23,'Ethnicity','Black'),
(664103,23,'Date of Birth','6/29/2014'),
(664103,23,'Account Type','Gold'),
(569706,18,'Ethnicity','Asian'),
(569706,18,'Date of Birth','5/16/2014'),
(569706,18,'Account Type','Gold'),
(312371,17,'Ethnicity','Asian'),
(312371,17,'Date of Birth','6/28/2019'),
(312371,17,'Account Type','Gold'),
(638704,21,'Ethnicity','Other'),
(638704,21,'Date of Birth','4/6/1946'),
(638704,21,'Account Type','Gold'),
(248371,1,'Ethnicity','Asian'),
(248371,1,'Date of Birth','12/30/1979'),
(248371,1,'Account Type','Gold'),
(415677,11,'Ethnicity','Black'),
(415677,11,'Date of Birth','3/31/2008'),
(415677,11,'Account Type','Basic'),
(982951,3,'Ethnicity','Black'),
(982951,3,'Date of Birth','3/6/1982'),
(982951,3,'Account Type','Platinum'),
(994016,29,'Ethnicity','Other'),
(994016,29,'Date of Birth','3/29/1955'),
(994016,29,'Account Type','Platinum'),
(895152,28,'Ethnicity','Asian'),
(895152,28,'Date of Birth','8/4/1941'),
(895152,28,'Account Type','Basic'),
(255988,24,'Ethnicity','Asian'),
(255988,24,'Date of Birth','6/7/2017'),
(255988,24,'Account Type','Basic'),
(838073,26,'Ethnicity','Asian'),
(838073,26,'Date of Birth','9/14/2011'),
(838073,26,'Account Type','Basic'),
(458285,27,'Ethnicity','Other'),
(458285,27,'Date of Birth','12/20/2018'),
(458285,27,'Account Type','Basic'),
(924472,24,'Ethnicity','White'),
(924472,24,'Date of Birth','6/14/1972'),
(924472,24,'Account Type','Basic'),
(588390,16,'Ethnicity','Black'),
(588390,16,'Date of Birth','3/22/1950'),
(588390,16,'Account Type','Basic'),
(621479,22,'Ethnicity','White'),
(621479,22,'Date of Birth','1/12/1968'),
(621479,22,'Account Type','Basic'),
(791978,28,'Ethnicity','White'),
(791978,28,'Date of Birth','10/18/1985'),
(791978,28,'Account Type','Basic'),
(413196,4,'Ethnicity','White'),
(413196,4,'Date of Birth','10/1/1974'),
(413196,4,'Account Type','Platinum'),
(445531,25,'Ethnicity','Black'),
(445531,25,'Date of Birth','11/1/1963'),
(445531,25,'Account Type','Gold'),
(316875,31,'Ethnicity','Other'),
(316875,31,'Date of Birth','3/7/1992'),
(316875,31,'Account Type','Basic'),
(500741,23,'Ethnicity','Other'),
(500741,23,'Date of Birth','12/26/1955'),
(500741,23,'Account Type','Basic'),
(429752,2,'Ethnicity','Asian'),
(429752,2,'Date of Birth','11/15/1945'),
(429752,2,'Account Type','Platinum'),
(835234,13,'Ethnicity','Other'),
(835234,13,'Date of Birth','6/4/1948'),
(835234,13,'Account Type','Basic'),
(264065,30,'Ethnicity','Other'),
(264065,30,'Date of Birth','12/8/1975'),
(264065,30,'Account Type','Platinum'),
(963921,20,'Ethnicity','Black'),
(963921,20,'Date of Birth','9/8/2011'),
(963921,20,'Account Type','Gold'),
(393185,5,'Ethnicity','Black'),
(393185,5,'Date of Birth','8/11/1967'),
(393185,5,'Account Type','Gold'),
(535509,10,'Ethnicity','Other'),
(535509,10,'Date of Birth','9/11/2019'),
(535509,10,'Account Type','Platinum'),
(178058,29,'Ethnicity','Black'),
(178058,29,'Date of Birth','1/1/1988'),
(178058,29,'Account Type','Gold'),
(167376,26,'Ethnicity','Black'),
(167376,26,'Date of Birth','6/25/2004'),
(167376,26,'Account Type','Basic'),
(528606,13,'Ethnicity','Other'),
(528606,13,'Date of Birth','12/3/2014'),
(528606,13,'Account Type','Basic'),
(676797,3,'Ethnicity','Asian'),
(676797,3,'Date of Birth','11/3/1986'),
(676797,3,'Account Type','Gold'),
(125458,25,'Ethnicity','Other'),
(125458,25,'Date of Birth','6/23/1960'),
(125458,25,'Account Type','Basic'),
(932133,25,'Ethnicity','Black'),
(932133,25,'Date of Birth','9/22/1944'),
(932133,25,'Account Type','Basic'),
(582577,11,'Ethnicity','Black'),
(582577,11,'Date of Birth','1/24/1999'),
(582577,11,'Account Type','Gold'),
(714124,7,'Ethnicity','Other'),
(714124,7,'Date of Birth','12/24/1986'),
(714124,7,'Account Type','Platinum'),
(132163,29,'Ethnicity','White'),
(132163,29,'Date of Birth','8/19/2019'),
(132163,29,'Account Type','Basic'),
(527900,20,'Ethnicity','Black'),
(527900,20,'Date of Birth','10/11/1952'),
(527900,20,'Account Type','Gold'),
(446540,28,'Ethnicity','Other'),
(446540,28,'Date of Birth','7/22/1950'),
(446540,28,'Account Type','Basic'),
(571428,8,'Ethnicity','Black'),
(571428,8,'Date of Birth','6/23/1965'),
(571428,8,'Account Type','Platinum'),
(258885,12,'Ethnicity','Black'),
(258885,12,'Date of Birth','3/16/1943'),
(258885,12,'Account Type','Basic'),
(859391,15,'Ethnicity','Black'),
(859391,15,'Date of Birth','4/11/1999'),
(859391,15,'Account Type','Platinum'),
(606785,16,'Ethnicity','White'),
(606785,16,'Date of Birth','8/11/1968'),
(606785,16,'Account Type','Basic'),
(973103,19,'Ethnicity','Asian'),
(973103,19,'Date of Birth','3/29/1942'),
(973103,19,'Account Type','Platinum'),
(513032,26,'Ethnicity','White'),
(513032,26,'Date of Birth','1/12/1973'),
(513032,26,'Account Type','Basic'),
(499282,18,'Ethnicity','Other'),
(499282,18,'Date of Birth','6/14/2019'),
(499282,18,'Account Type','Platinum'),
(845839,17,'Ethnicity','Black'),
(845839,17,'Date of Birth','5/29/1979'),
(845839,17,'Account Type','Platinum'),
(725355,19,'Ethnicity','Asian'),
(725355,19,'Date of Birth','9/22/1975'),
(725355,19,'Account Type','Gold'),
(667164,31,'Ethnicity','Other'),
(667164,31,'Date of Birth','3/29/1977'),
(667164,31,'Account Type','Gold'),
(618265,3,'Ethnicity','Black'),
(618265,3,'Date of Birth','5/31/1945'),
(618265,3,'Account Type','Basic'),
(731691,16,'Ethnicity','Black'),
(731691,16,'Date of Birth','7/29/1951'),
(731691,16,'Account Type','Platinum'),
(832052,12,'Ethnicity','Black'),
(832052,12,'Date of Birth','8/21/1981'),
(832052,12,'Account Type','Basic'),
(296100,19,'Ethnicity','Other'),
(296100,19,'Date of Birth','10/22/1991'),
(296100,19,'Account Type','Gold'),
(894920,25,'Ethnicity','White'),
(894920,25,'Date of Birth','12/3/1979'),
(894920,25,'Account Type','Platinum'),
(344685,10,'Ethnicity','Asian'),
(344685,10,'Date of Birth','1/6/1990'),
(344685,10,'Account Type','Gold'),
(968654,12,'Ethnicity','White'),
(968654,12,'Date of Birth','1/26/1981'),
(968654,12,'Account Type','Gold');

CREATE TABLE pd2023_wk04_april (
  ID BIGINT,
  joining_day BIGINT,
  Demographic TEXT,
  Value TEXT
);

INSERT INTO pd2023_wk04_april (ID, joining_day, Demographic, Value)
VALUES
(797127,19,'Ethnicity','Black'),
(797127,19,'Date of Birth','6/26/1987'),
(797127,19,'Account Type','Platinum'),
(282672,9,'Ethnicity','Black'),
(282672,9,'Date of Birth','7/20/1991'),
(282672,9,'Account Type','Platinum'),
(339687,9,'Ethnicity','White'),
(339687,9,'Date of Birth','11/29/1946'),
(339687,9,'Account Type','Basic'),
(818135,3,'Ethnicity','Asian'),
(818135,3,'Date of Birth','4/11/1954'),
(818135,3,'Account Type','Gold'),
(192505,6,'Ethnicity','White'),
(192505,6,'Date of Birth','10/15/1966'),
(192505,6,'Account Type','Platinum'),
(669663,20,'Ethnicity','White'),
(669663,20,'Date of Birth','6/2/1994'),
(669663,20,'Account Type','Gold'),
(604416,24,'Ethnicity','Other'),
(604416,24,'Date of Birth','6/29/2004'),
(604416,24,'Account Type','Gold'),
(656794,10,'Ethnicity','Other'),
(656794,10,'Date of Birth','10/21/1951'),
(656794,10,'Account Type','Basic'),
(954550,8,'Ethnicity','Black'),
(954550,8,'Date of Birth','1/23/1953'),
(954550,8,'Account Type','Gold'),
(255005,8,'Ethnicity','White'),
(255005,8,'Date of Birth','1/4/1941'),
(255005,8,'Account Type','Basic'),
(104185,25,'Ethnicity','White'),
(104185,25,'Date of Birth','6/8/1989'),
(104185,25,'Account Type','Basic'),
(637023,3,'Ethnicity','Black'),
(637023,3,'Date of Birth','11/23/1953'),
(637023,3,'Account Type','Platinum'),
(184178,9,'Ethnicity','Asian'),
(184178,9,'Date of Birth','10/29/1958'),
(184178,9,'Account Type','Basic'),
(708191,12,'Ethnicity','White'),
(708191,12,'Date of Birth','6/30/1974'),
(708191,12,'Account Type','Basic'),
(805246,16,'Ethnicity','Asian'),
(805246,16,'Date of Birth','7/20/1971'),
(805246,16,'Account Type','Gold'),
(340059,6,'Ethnicity','White'),
(340059,6,'Date of Birth','1/24/2004'),
(340059,6,'Account Type','Basic'),
(458824,19,'Ethnicity','Asian'),
(458824,19,'Date of Birth','8/3/1967'),
(458824,19,'Account Type','Basic'),
(873760,26,'Ethnicity','White'),
(873760,26,'Date of Birth','12/31/1980'),
(873760,26,'Account Type','Gold'),
(134047,8,'Ethnicity','Black'),
(134047,8,'Date of Birth','4/6/1959'),
(134047,8,'Account Type','Basic'),
(327751,27,'Ethnicity','Asian'),
(327751,27,'Date of Birth','4/26/1984'),
(327751,27,'Account Type','Platinum'),
(302917,24,'Ethnicity','Other'),
(302917,24,'Date of Birth','5/3/1955'),
(302917,24,'Account Type','Gold'),
(824009,27,'Ethnicity','Black'),
(824009,27,'Date of Birth','3/27/1989'),
(824009,27,'Account Type','Platinum'),
(731240,4,'Ethnicity','Other'),
(731240,4,'Date of Birth','5/8/1951'),
(731240,4,'Account Type','Gold'),
(727292,11,'Ethnicity','Black'),
(727292,11,'Date of Birth','1/13/1984'),
(727292,11,'Account Type','Gold'),
(385704,24,'Ethnicity','White'),
(385704,24,'Date of Birth','1/1/1987'),
(385704,24,'Account Type','Basic'),
(367467,30,'Ethnicity','Asian'),
(367467,30,'Date of Birth','1/24/2019'),
(367467,30,'Account Type','Platinum'),
(748215,25,'Ethnicity','Black'),
(748215,25,'Date of Birth','5/1/2013'),
(748215,25,'Account Type','Gold'),
(549509,2,'Ethnicity','White'),
(549509,2,'Date of Birth','4/13/1970'),
(549509,2,'Account Type','Gold'),
(856901,2,'Ethnicity','Other'),
(856901,2,'Date of Birth','10/21/1941'),
(856901,2,'Account Type','Basic'),
(614858,10,'Ethnicity','Other'),
(614858,10,'Date of Birth','3/24/1977'),
(614858,10,'Account Type','Basic'),
(130206,10,'Ethnicity','Asian'),
(130206,10,'Date of Birth','3/19/1972'),
(130206,10,'Account Type','Gold'),
(553320,13,'Ethnicity','Asian'),
(553320,13,'Date of Birth','3/19/1952'),
(553320,13,'Account Type','Gold'),
(285157,21,'Ethnicity','Asian'),
(285157,21,'Date of Birth','1/16/2010'),
(285157,21,'Account Type','Gold'),
(478687,5,'Ethnicity','White'),
(478687,5,'Date of Birth','5/13/1999'),
(478687,5,'Account Type','Platinum'),
(911471,5,'Ethnicity','White'),
(911471,5,'Date of Birth','1/11/2007'),
(911471,5,'Account Type','Basic'),
(402150,19,'Ethnicity','Other'),
(402150,19,'Date of Birth','10/14/1970'),
(402150,19,'Account Type','Platinum'),
(919470,27,'Ethnicity','Other'),
(919470,27,'Date of Birth','10/9/1949'),
(919470,27,'Account Type','Basic'),
(654694,30,'Ethnicity','Other'),
(654694,30,'Date of Birth','8/13/1985'),
(654694,30,'Account Type','Platinum'),
(984067,22,'Ethnicity','Black'),
(984067,22,'Date of Birth','4/9/1958'),
(984067,22,'Account Type','Basic'),
(871141,16,'Ethnicity','Other'),
(871141,16,'Date of Birth','2/24/1944'),
(871141,16,'Account Type','Basic'),
(638662,5,'Ethnicity','Black'),
(638662,5,'Date of Birth','3/4/2008'),
(638662,5,'Account Type','Basic'),
(460507,28,'Ethnicity','White'),
(460507,28,'Date of Birth','10/28/1945'),
(460507,28,'Account Type','Platinum'),
(467374,24,'Ethnicity','Black'),
(467374,24,'Date of Birth','1/3/2006'),
(467374,24,'Account Type','Gold'),
(431328,27,'Ethnicity','Black'),
(431328,27,'Date of Birth','5/30/1970'),
(431328,27,'Account Type','Platinum'),
(166090,1,'Ethnicity','Black'),
(166090,1,'Date of Birth','2/4/2016'),
(166090,1,'Account Type','Platinum'),
(506688,29,'Ethnicity','Asian'),
(506688,29,'Date of Birth','9/29/2015'),
(506688,29,'Account Type','Gold'),
(675627,18,'Ethnicity','Other'),
(675627,18,'Date of Birth','8/17/1968'),
(675627,18,'Account Type','Gold'),
(771144,8,'Ethnicity','Asian'),
(771144,8,'Date of Birth','10/21/1962'),
(771144,8,'Account Type','Basic'),
(991305,16,'Ethnicity','Other'),
(991305,16,'Date of Birth','10/30/1986'),
(991305,16,'Account Type','Platinum'),
(663516,25,'Ethnicity','Other'),
(663516,25,'Date of Birth','11/7/1996'),
(663516,25,'Account Type','Gold'),
(514864,24,'Ethnicity','Other'),
(514864,24,'Date of Birth','2/19/1965'),
(514864,24,'Account Type','Platinum'),
(595739,9,'Ethnicity','White'),
(595739,9,'Date of Birth','6/18/1997'),
(595739,9,'Account Type','Platinum'),
(285940,2,'Ethnicity','Black'),
(285940,2,'Date of Birth','6/3/2017'),
(285940,2,'Account Type','Platinum'),
(982585,11,'Ethnicity','Black'),
(982585,11,'Date of Birth','2/7/2016'),
(982585,11,'Account Type','Gold'),
(101515,14,'Ethnicity','Black'),
(101515,14,'Date of Birth','8/11/1974'),
(101515,14,'Account Type','Gold'),
(908478,25,'Ethnicity','Asian'),
(908478,25,'Date of Birth','10/5/1941'),
(908478,25,'Account Type','Gold'),
(976803,14,'Ethnicity','Black'),
(976803,14,'Date of Birth','7/11/1940'),
(976803,14,'Account Type','Platinum'),
(394262,6,'Ethnicity','Other'),
(394262,6,'Date of Birth','8/29/1961'),
(394262,6,'Account Type','Basic'),
(372488,20,'Ethnicity','Other'),
(372488,20,'Date of Birth','7/13/1974'),
(372488,20,'Account Type','Basic'),
(915339,28,'Ethnicity','White'),
(915339,28,'Date of Birth','5/7/1997'),
(915339,28,'Account Type','Gold'),
(687501,6,'Ethnicity','Black'),
(687501,6,'Date of Birth','8/21/1976'),
(687501,6,'Account Type','Platinum'),
(181477,12,'Ethnicity','Black'),
(181477,12,'Date of Birth','8/22/1984'),
(181477,12,'Account Type','Gold'),
(594866,7,'Ethnicity','White'),
(594866,7,'Date of Birth','8/19/2004'),
(594866,7,'Account Type','Gold'),
(347274,9,'Ethnicity','Black'),
(347274,9,'Date of Birth','6/17/1993'),
(347274,9,'Account Type','Basic'),
(405909,13,'Ethnicity','Asian'),
(405909,13,'Date of Birth','8/27/1979'),
(405909,13,'Account Type','Platinum'),
(284005,5,'Ethnicity','Asian'),
(284005,5,'Date of Birth','7/2/1992'),
(284005,5,'Account Type','Basic'),
(287844,8,'Ethnicity','Other'),
(287844,8,'Date of Birth','2/15/1952'),
(287844,8,'Account Type','Basic'),
(881176,25,'Ethnicity','Other'),
(881176,25,'Date of Birth','1/18/1979'),
(881176,25,'Account Type','Basic'),
(530288,4,'Ethnicity','Black'),
(530288,4,'Date of Birth','8/24/1966'),
(530288,4,'Account Type','Platinum'),
(421873,13,'Ethnicity','Other'),
(421873,13,'Date of Birth','5/8/1969'),
(421873,13,'Account Type','Gold'),
(701255,15,'Ethnicity','White'),
(701255,15,'Date of Birth','3/22/1973'),
(701255,15,'Account Type','Gold'),
(706102,15,'Ethnicity','White'),
(706102,15,'Date of Birth','6/19/1958'),
(706102,15,'Account Type','Platinum'),
(226852,14,'Ethnicity','Black'),
(226852,14,'Date of Birth','2/24/2017'),
(226852,14,'Account Type','Platinum'),
(451214,4,'Ethnicity','White'),
(451214,4,'Date of Birth','4/13/1992'),
(451214,4,'Account Type','Platinum'),
(922365,13,'Ethnicity','Asian'),
(922365,13,'Date of Birth','8/11/2011'),
(922365,13,'Account Type','Basic'),
(656164,2,'Ethnicity','Asian'),
(656164,2,'Date of Birth','7/22/1956'),
(656164,2,'Account Type','Basic'),
(628443,29,'Ethnicity','Other'),
(628443,29,'Date of Birth','6/22/1970'),
(628443,29,'Account Type','Platinum'),
(385445,19,'Ethnicity','Black'),
(385445,19,'Date of Birth','1/29/1957'),
(385445,19,'Account Type','Basic'),
(382490,28,'Ethnicity','Other'),
(382490,28,'Date of Birth','11/6/1997'),
(382490,28,'Account Type','Gold'),
(609432,13,'Ethnicity','Other'),
(609432,13,'Date of Birth','5/28/2009'),
(609432,13,'Account Type','Platinum'),
(984843,28,'Ethnicity','Asian'),
(984843,28,'Date of Birth','9/23/1958'),
(984843,28,'Account Type','Platinum'),
(499108,11,'Ethnicity','White'),
(499108,11,'Date of Birth','11/21/1949'),
(499108,11,'Account Type','Platinum'),
(867196,8,'Ethnicity','Other'),
(867196,8,'Date of Birth','6/18/1953'),
(867196,8,'Account Type','Basic'),
(552566,28,'Ethnicity','White'),
(552566,28,'Date of Birth','2/4/1950'),
(552566,28,'Account Type','Gold'),
(381217,28,'Ethnicity','White'),
(381217,28,'Date of Birth','8/5/1962'),
(381217,28,'Account Type','Basic'),
(779629,13,'Ethnicity','White'),
(779629,13,'Date of Birth','6/30/1993'),
(779629,13,'Account Type','Platinum'),
(484119,8,'Ethnicity','Other'),
(484119,8,'Date of Birth','9/30/1974'),
(484119,8,'Account Type','Gold'),
(189566,14,'Ethnicity','Other'),
(189566,14,'Date of Birth','9/8/1962'),
(189566,14,'Account Type','Basic'),
(589251,3,'Ethnicity','White'),
(589251,3,'Date of Birth','6/1/1943'),
(589251,3,'Account Type','Platinum'),
(934663,27,'Ethnicity','Black'),
(934663,27,'Date of Birth','1/29/1969'),
(934663,27,'Account Type','Basic'),
(528483,26,'Ethnicity','Black'),
(528483,26,'Date of Birth','5/3/2010'),
(528483,26,'Account Type','Platinum');

CREATE TABLE pd2023_wk04_may (
  ID BIGINT,
  joining_day BIGINT,
  Demographic TEXT,
  Value TEXT
);

INSERT INTO pd2023_wk04_may (ID, joining_day, Demographic, Value)
VALUES
(239922,15,'Ethnicity','Asian'),
(239922,15,'Date of Birth','10/31/1989'),
(239922,15,'Account Type','Basic'),
(131879,4,'Ethnicity','Other'),
(131879,4,'Date of Birth','9/2/1952'),
(131879,4,'Account Type','Platinum'),
(828717,4,'Ethnicity','White'),
(828717,4,'Date of Birth','10/8/1978'),
(828717,4,'Account Type','Basic'),
(426552,24,'Ethnicity','White'),
(426552,24,'Date of Birth','9/13/1995'),
(426552,24,'Account Type','Gold'),
(742714,5,'Ethnicity','Black'),
(742714,5,'Date of Birth','4/4/1968'),
(742714,5,'Account Type','Gold'),
(112311,9,'Ethnicity','Other'),
(112311,9,'Date of Birth','8/11/1990'),
(112311,9,'Account Type','Gold'),
(878515,7,'Ethnicity','Other'),
(878515,7,'Date of Birth','7/21/1989'),
(878515,7,'Account Type','Gold'),
(942174,10,'Ethnicity','White'),
(942174,10,'Date of Birth','6/11/1984'),
(942174,10,'Account Type','Gold'),
(319191,7,'Ethnicity','Other'),
(319191,7,'Date of Birth','12/16/2010'),
(319191,7,'Account Type','Platinum'),
(296948,21,'Ethnicity','Black'),
(296948,21,'Date of Birth','12/10/1986'),
(296948,21,'Account Type','Platinum'),
(778767,12,'Ethnicity','White'),
(778767,12,'Date of Birth','6/5/1991'),
(778767,12,'Account Type','Basic'),
(569694,24,'Ethnicity','Black'),
(569694,24,'Date of Birth','11/7/2018'),
(569694,24,'Account Type','Platinum'),
(433632,1,'Ethnicity','White'),
(433632,1,'Date of Birth','9/27/1992'),
(433632,1,'Account Type','Platinum'),
(210741,15,'Ethnicity','White'),
(210741,15,'Date of Birth','1/8/1985'),
(210741,15,'Account Type','Gold'),
(636423,20,'Ethnicity','Asian'),
(636423,20,'Date of Birth','7/4/1983'),
(636423,20,'Account Type','Platinum'),
(979652,15,'Ethnicity','Black'),
(979652,15,'Date of Birth','5/23/1956'),
(979652,15,'Account Type','Platinum'),
(801200,15,'Ethnicity','Black'),
(801200,15,'Date of Birth','1/25/1979'),
(801200,15,'Account Type','Platinum'),
(775261,3,'Ethnicity','White'),
(775261,3,'Date of Birth','2/23/1952'),
(775261,3,'Account Type','Gold'),
(127541,15,'Ethnicity','Asian'),
(127541,15,'Date of Birth','7/13/2016'),
(127541,15,'Account Type','Gold'),
(442783,15,'Ethnicity','Asian'),
(442783,15,'Date of Birth','12/18/2007'),
(442783,15,'Account Type','Gold'),
(610159,9,'Ethnicity','Black'),
(610159,9,'Date of Birth','12/5/2005'),
(610159,9,'Account Type','Gold'),
(280225,14,'Ethnicity','Asian'),
(280225,14,'Date of Birth','8/25/1996'),
(280225,14,'Account Type','Platinum'),
(659716,27,'Ethnicity','Black'),
(659716,27,'Date of Birth','11/9/2008'),
(659716,27,'Account Type','Platinum'),
(500890,12,'Ethnicity','White'),
(500890,12,'Date of Birth','10/15/1958'),
(500890,12,'Account Type','Basic'),
(497082,8,'Ethnicity','Other'),
(497082,8,'Date of Birth','1/3/1969'),
(497082,8,'Account Type','Platinum'),
(397269,3,'Ethnicity','Other'),
(397269,3,'Date of Birth','6/8/2001'),
(397269,3,'Account Type','Platinum'),
(747682,21,'Ethnicity','Black'),
(747682,21,'Date of Birth','12/4/1985'),
(747682,21,'Account Type','Platinum'),
(682562,25,'Ethnicity','Black'),
(682562,25,'Date of Birth','4/16/1984'),
(682562,25,'Account Type','Basic'),
(444025,28,'Ethnicity','Black'),
(444025,28,'Date of Birth','4/8/1997'),
(444025,28,'Account Type','Platinum'),
(597131,24,'Ethnicity','White'),
(597131,24,'Date of Birth','5/17/1954'),
(597131,24,'Account Type','Gold'),
(723823,31,'Ethnicity','White'),
(723823,31,'Date of Birth','5/17/2005'),
(723823,31,'Account Type','Basic'),
(637483,31,'Ethnicity','White'),
(637483,31,'Date of Birth','8/21/2009'),
(637483,31,'Account Type','Basic'),
(139501,17,'Ethnicity','Asian'),
(139501,17,'Date of Birth','1/1/1994'),
(139501,17,'Account Type','Basic'),
(662171,5,'Ethnicity','Black'),
(662171,5,'Date of Birth','10/22/1943'),
(662171,5,'Account Type','Platinum'),
(488942,3,'Ethnicity','Other'),
(488942,3,'Date of Birth','12/2/1958'),
(488942,3,'Account Type','Basic'),
(800314,12,'Ethnicity','Other'),
(800314,12,'Date of Birth','7/20/1963'),
(800314,12,'Account Type','Basic'),
(631634,29,'Ethnicity','Asian'),
(631634,29,'Date of Birth','1/1/1940'),
(631634,29,'Account Type','Basic'),
(773841,19,'Ethnicity','Other'),
(773841,19,'Date of Birth','3/18/1990'),
(773841,19,'Account Type','Platinum'),
(143337,17,'Ethnicity','Other'),
(143337,17,'Date of Birth','6/21/1980'),
(143337,17,'Account Type','Gold'),
(199260,10,'Ethnicity','Other'),
(199260,10,'Date of Birth','1/31/1992'),
(199260,10,'Account Type','Basic'),
(177977,10,'Ethnicity','Asian'),
(177977,10,'Date of Birth','4/2/1957'),
(177977,10,'Account Type','Basic'),
(633141,30,'Ethnicity','White'),
(633141,30,'Date of Birth','5/20/1943'),
(633141,30,'Account Type','Basic'),
(884949,31,'Ethnicity','Asian'),
(884949,31,'Date of Birth','12/3/1943'),
(884949,31,'Account Type','Gold'),
(222860,23,'Ethnicity','Black'),
(222860,23,'Date of Birth','2/11/2012'),
(222860,23,'Account Type','Basic'),
(843274,22,'Ethnicity','Other'),
(843274,22,'Date of Birth','8/11/1941'),
(843274,22,'Account Type','Basic'),
(261620,7,'Ethnicity','Black'),
(261620,7,'Date of Birth','7/30/1990'),
(261620,7,'Account Type','Gold'),
(738405,2,'Ethnicity','Asian'),
(738405,2,'Date of Birth','10/12/1952'),
(738405,2,'Account Type','Basic'),
(209144,2,'Ethnicity','Black'),
(209144,2,'Date of Birth','11/22/1948'),
(209144,2,'Account Type','Basic'),
(549243,1,'Ethnicity','Black'),
(549243,1,'Date of Birth','6/7/1947'),
(549243,1,'Account Type','Gold'),
(189930,5,'Ethnicity','White'),
(189930,5,'Date of Birth','1/9/1983'),
(189930,5,'Account Type','Gold'),
(522270,1,'Ethnicity','Black'),
(522270,1,'Date of Birth','11/21/1940'),
(522270,1,'Account Type','Basic'),
(293145,29,'Ethnicity','Black'),
(293145,29,'Date of Birth','8/7/1989'),
(293145,29,'Account Type','Gold'),
(520059,2,'Ethnicity','Asian'),
(520059,2,'Date of Birth','1/26/1942'),
(520059,2,'Account Type','Gold'),
(219792,12,'Ethnicity','Black'),
(219792,12,'Date of Birth','4/21/2003'),
(219792,12,'Account Type','Gold'),
(509391,27,'Ethnicity','Other'),
(509391,27,'Date of Birth','11/6/1947'),
(509391,27,'Account Type','Platinum'),
(985783,6,'Ethnicity','Asian'),
(985783,6,'Date of Birth','3/28/1951'),
(985783,6,'Account Type','Basic'),
(838883,29,'Ethnicity','White'),
(838883,29,'Date of Birth','12/10/1980'),
(838883,29,'Account Type','Basic'),
(367979,18,'Ethnicity','Black'),
(367979,18,'Date of Birth','9/15/1983'),
(367979,18,'Account Type','Basic'),
(366023,2,'Ethnicity','Asian'),
(366023,2,'Date of Birth','1/1/1986'),
(366023,2,'Account Type','Basic'),
(459470,10,'Ethnicity','Black'),
(459470,10,'Date of Birth','9/13/1987'),
(459470,10,'Account Type','Platinum'),
(875629,20,'Ethnicity','Other'),
(875629,20,'Date of Birth','6/4/1950'),
(875629,20,'Account Type','Basic'),
(514214,9,'Ethnicity','Other'),
(514214,9,'Date of Birth','7/9/1941'),
(514214,9,'Account Type','Platinum'),
(546645,24,'Ethnicity','Asian'),
(546645,24,'Date of Birth','9/6/1971'),
(546645,24,'Account Type','Gold'),
(300208,11,'Ethnicity','White'),
(300208,11,'Date of Birth','4/3/2008'),
(300208,11,'Account Type','Gold'),
(512509,22,'Ethnicity','White'),
(512509,22,'Date of Birth','4/16/1991'),
(512509,22,'Account Type','Gold'),
(930802,14,'Ethnicity','Asian'),
(930802,14,'Date of Birth','2/18/2018'),
(930802,14,'Account Type','Gold'),
(730864,24,'Ethnicity','Other'),
(730864,24,'Date of Birth','4/26/2015'),
(730864,24,'Account Type','Gold'),
(215044,9,'Ethnicity','White'),
(215044,9,'Date of Birth','9/11/2011'),
(215044,9,'Account Type','Basic'),
(525493,21,'Ethnicity','Other'),
(525493,21,'Date of Birth','3/28/1976'),
(525493,21,'Account Type','Platinum'),
(159526,9,'Ethnicity','Asian'),
(159526,9,'Date of Birth','12/22/1986'),
(159526,9,'Account Type','Basic'),
(366251,22,'Ethnicity','Other'),
(366251,22,'Date of Birth','8/28/1963'),
(366251,22,'Account Type','Gold'),
(490418,2,'Ethnicity','White'),
(490418,2,'Date of Birth','9/29/1950'),
(490418,2,'Account Type','Basic'),
(100185,20,'Ethnicity','Asian'),
(100185,20,'Date of Birth','7/29/1952'),
(100185,20,'Account Type','Basic'),
(586258,30,'Ethnicity','Black'),
(586258,30,'Date of Birth','12/12/2018'),
(586258,30,'Account Type','Platinum'),
(352584,16,'Ethnicity','Black'),
(352584,16,'Date of Birth','6/13/2000'),
(352584,16,'Account Type','Basic'),
(248692,1,'Ethnicity','Black'),
(248692,1,'Date of Birth','3/10/1949'),
(248692,1,'Account Type','Basic');

CREATE TABLE pd2023_wk04_june (
  ID BIGINT,
  joining_day BIGINT,
  Demographic TEXT,
  Value TEXT
);

INSERT INTO pd2023_wk04_june (ID, joining_day, Demographic, Value)
VALUES
(221128,29,'Ethnicity','Black'),
(221128,29,'Date of Birth','8/16/1978'),
(221128,29,'Account Type','Basic'),
(621556,18,'Ethnicity','White'),
(621556,18,'Date of Birth','12/12/2010'),
(621556,18,'Account Type','Basic'),
(725200,23,'Ethnicity','Asian'),
(725200,23,'Date of Birth','3/26/1952'),
(725200,23,'Account Type','Basic'),
(120476,18,'Ethnicity','Other'),
(120476,18,'Date of Birth','5/27/1976'),
(120476,18,'Account Type','Platinum'),
(314997,23,'Ethnicity','Other'),
(314997,23,'Date of Birth','7/31/2001'),
(314997,23,'Account Type','Gold'),
(667852,27,'Ethnicity','Black'),
(667852,27,'Date of Birth','3/28/1947'),
(667852,27,'Account Type','Basic'),
(890532,16,'Ethnicity','White'),
(890532,16,'Date of Birth','4/15/1988'),
(890532,16,'Account Type','Gold'),
(223660,28,'Ethnicity','White'),
(223660,28,'Date of Birth','10/20/1986'),
(223660,28,'Account Type','Gold'),
(460383,29,'Ethnicity','Black'),
(460383,29,'Date of Birth','8/16/1994'),
(460383,29,'Account Type','Basic'),
(994289,16,'Ethnicity','White'),
(994289,16,'Date of Birth','5/9/1990'),
(994289,16,'Account Type','Gold'),
(202785,8,'Ethnicity','Black'),
(202785,8,'Date of Birth','9/11/1948'),
(202785,8,'Account Type','Platinum'),
(539530,20,'Ethnicity','Other'),
(539530,20,'Date of Birth','3/2/1983'),
(539530,20,'Account Type','Basic'),
(868733,22,'Ethnicity','Asian'),
(868733,22,'Date of Birth','2/17/1967'),
(868733,22,'Account Type','Basic'),
(970794,26,'Ethnicity','Asian'),
(970794,26,'Date of Birth','11/1/1969'),
(970794,26,'Account Type','Platinum'),
(467340,19,'Ethnicity','White'),
(467340,19,'Date of Birth','9/4/1984'),
(467340,19,'Account Type','Platinum'),
(569939,15,'Ethnicity','Black'),
(569939,15,'Date of Birth','12/11/2015'),
(569939,15,'Account Type','Gold'),
(925655,26,'Ethnicity','Asian'),
(925655,26,'Date of Birth','12/26/2017'),
(925655,26,'Account Type','Gold'),
(589567,17,'Ethnicity','Black'),
(589567,17,'Date of Birth','5/10/1961'),
(589567,17,'Account Type','Platinum'),
(957074,28,'Ethnicity','Other'),
(957074,28,'Date of Birth','9/18/1964'),
(957074,28,'Account Type','Gold'),
(601428,29,'Ethnicity','White'),
(601428,29,'Date of Birth','12/23/1980'),
(601428,29,'Account Type','Platinum'),
(713519,4,'Ethnicity','White'),
(713519,4,'Date of Birth','2/25/1964'),
(713519,4,'Account Type','Gold'),
(149481,18,'Ethnicity','Asian'),
(149481,18,'Date of Birth','6/26/1959'),
(149481,18,'Account Type','Basic'),
(496679,8,'Ethnicity','Black'),
(496679,8,'Date of Birth','10/19/1951'),
(496679,8,'Account Type','Basic'),
(549280,30,'Ethnicity','Black'),
(549280,30,'Date of Birth','12/3/1971'),
(549280,30,'Account Type','Platinum'),
(731015,10,'Ethnicity','Other'),
(731015,10,'Date of Birth','12/2/1955'),
(731015,10,'Account Type','Basic'),
(564633,20,'Ethnicity','Black'),
(564633,20,'Date of Birth','6/1/2011'),
(564633,20,'Account Type','Gold'),
(979311,8,'Ethnicity','White'),
(979311,8,'Date of Birth','12/8/2010'),
(979311,8,'Account Type','Platinum'),
(492316,13,'Ethnicity','Other'),
(492316,13,'Date of Birth','5/28/1964'),
(492316,13,'Account Type','Platinum'),
(458440,4,'Ethnicity','White'),
(458440,4,'Date of Birth','7/21/1989'),
(458440,4,'Account Type','Gold'),
(850891,11,'Ethnicity','Black'),
(850891,11,'Date of Birth','4/14/1941'),
(850891,11,'Account Type','Basic'),
(560790,1,'Ethnicity','Other'),
(560790,1,'Date of Birth','5/25/2006'),
(560790,1,'Account Type','Basic'),
(336329,28,'Ethnicity','White'),
(336329,28,'Date of Birth','1/23/1947'),
(336329,28,'Account Type','Platinum'),
(202010,9,'Ethnicity','Black'),
(202010,9,'Date of Birth','11/23/1988'),
(202010,9,'Account Type','Gold'),
(649840,11,'Ethnicity','Asian'),
(649840,11,'Date of Birth','2/28/1947'),
(649840,11,'Account Type','Basic'),
(949894,22,'Ethnicity','Asian'),
(949894,22,'Date of Birth','12/21/1946'),
(949894,22,'Account Type','Gold'),
(234458,27,'Ethnicity','White'),
(234458,27,'Date of Birth','5/29/2010'),
(234458,27,'Account Type','Basic'),
(466462,19,'Ethnicity','Black'),
(466462,19,'Date of Birth','5/8/1942'),
(466462,19,'Account Type','Platinum'),
(571041,7,'Ethnicity','Other'),
(571041,7,'Date of Birth','4/16/1947'),
(571041,7,'Account Type','Basic'),
(847929,16,'Ethnicity','Asian'),
(847929,16,'Date of Birth','10/14/1951'),
(847929,16,'Account Type','Basic'),
(865336,15,'Ethnicity','Other'),
(865336,15,'Date of Birth','11/27/1969'),
(865336,15,'Account Type','Gold'),
(900289,16,'Ethnicity','Other'),
(900289,16,'Date of Birth','1/29/1987'),
(900289,16,'Account Type','Basic'),
(343987,25,'Ethnicity','Other'),
(343987,25,'Date of Birth','7/31/2010'),
(343987,25,'Account Type','Gold'),
(345349,26,'Ethnicity','Black'),
(345349,26,'Date of Birth','2/22/2013'),
(345349,26,'Account Type','Basic'),
(430898,11,'Ethnicity','Other'),
(430898,11,'Date of Birth','5/4/1947'),
(430898,11,'Account Type','Basic'),
(131132,29,'Ethnicity','White'),
(131132,29,'Date of Birth','8/6/1949'),
(131132,29,'Account Type','Platinum'),
(814220,9,'Ethnicity','Other'),
(814220,9,'Date of Birth','4/21/1942'),
(814220,9,'Account Type','Basic'),
(467421,2,'Ethnicity','Asian'),
(467421,2,'Date of Birth','4/12/1975'),
(467421,2,'Account Type','Basic'),
(687384,15,'Ethnicity','Asian'),
(687384,15,'Date of Birth','4/2/1963'),
(687384,15,'Account Type','Basic'),
(202946,18,'Ethnicity','Black'),
(202946,18,'Date of Birth','9/16/1960'),
(202946,18,'Account Type','Gold'),
(683299,5,'Ethnicity','Asian'),
(683299,5,'Date of Birth','9/12/2000'),
(683299,5,'Account Type','Basic'),
(503844,25,'Ethnicity','Asian'),
(503844,25,'Date of Birth','10/2/1981'),
(503844,25,'Account Type','Basic'),
(214055,21,'Ethnicity','Asian'),
(214055,21,'Date of Birth','12/4/1976'),
(214055,21,'Account Type','Basic'),
(830903,7,'Ethnicity','Other'),
(830903,7,'Date of Birth','3/3/1994'),
(830903,7,'Account Type','Gold'),
(654273,16,'Ethnicity','Black'),
(654273,16,'Date of Birth','10/10/1942'),
(654273,16,'Account Type','Gold'),
(451936,10,'Ethnicity','Asian'),
(451936,10,'Date of Birth','10/22/1958'),
(451936,10,'Account Type','Basic'),
(561709,30,'Ethnicity','Asian'),
(561709,30,'Date of Birth','11/23/1959'),
(561709,30,'Account Type','Basic'),
(603071,25,'Ethnicity','Other'),
(603071,25,'Date of Birth','5/7/1969'),
(603071,25,'Account Type','Basic'),
(298919,3,'Ethnicity','Asian'),
(298919,3,'Date of Birth','7/17/2008'),
(298919,3,'Account Type','Platinum'),
(729571,26,'Ethnicity','Black'),
(729571,26,'Date of Birth','8/1/2004'),
(729571,26,'Account Type','Platinum'),
(182216,11,'Ethnicity','Other'),
(182216,11,'Date of Birth','2/13/1979'),
(182216,11,'Account Type','Platinum'),
(510071,13,'Ethnicity','Other'),
(510071,13,'Date of Birth','10/10/1992'),
(510071,13,'Account Type','Platinum'),
(610633,8,'Ethnicity','Black'),
(610633,8,'Date of Birth','7/13/1993'),
(610633,8,'Account Type','Gold'),
(339084,27,'Ethnicity','Asian'),
(339084,27,'Date of Birth','10/6/1963'),
(339084,27,'Account Type','Platinum'),
(397552,11,'Ethnicity','Other'),
(397552,11,'Date of Birth','10/31/1941'),
(397552,11,'Account Type','Gold'),
(918799,4,'Ethnicity','White'),
(918799,4,'Date of Birth','10/22/2010'),
(918799,4,'Account Type','Gold'),
(700604,30,'Ethnicity','White'),
(700604,30,'Date of Birth','8/24/1969'),
(700604,30,'Account Type','Gold'),
(466954,17,'Ethnicity','Black'),
(466954,17,'Date of Birth','3/5/1955'),
(466954,17,'Account Type','Basic'),
(128016,4,'Ethnicity','Black'),
(128016,4,'Date of Birth','10/26/1952'),
(128016,4,'Account Type','Platinum'),
(436308,24,'Ethnicity','White'),
(436308,24,'Date of Birth','10/3/1959'),
(436308,24,'Account Type','Basic'),
(325644,24,'Ethnicity','White'),
(325644,24,'Date of Birth','3/20/1995'),
(325644,24,'Account Type','Basic'),
(809555,26,'Ethnicity','Other'),
(809555,26,'Date of Birth','5/7/1952'),
(809555,26,'Account Type','Basic'),
(907496,9,'Ethnicity','Asian'),
(907496,9,'Date of Birth','12/22/2002'),
(907496,9,'Account Type','Platinum'),
(459563,6,'Ethnicity','Black'),
(459563,6,'Date of Birth','3/15/1963'),
(459563,6,'Account Type','Gold'),
(302454,19,'Ethnicity','Asian'),
(302454,19,'Date of Birth','7/25/2018'),
(302454,19,'Account Type','Platinum'),
(791553,28,'Ethnicity','White'),
(791553,28,'Date of Birth','9/24/1982'),
(791553,28,'Account Type','Gold'),
(785906,22,'Ethnicity','Asian'),
(785906,22,'Date of Birth','6/20/1967'),
(785906,22,'Account Type','Basic'),
(717206,21,'Ethnicity','Black'),
(717206,21,'Date of Birth','6/19/1963'),
(717206,21,'Account Type','Platinum'),
(993112,30,'Ethnicity','Asian'),
(993112,30,'Date of Birth','10/2/1942'),
(993112,30,'Account Type','Platinum'),
(369873,10,'Ethnicity','Black'),
(369873,10,'Date of Birth','9/8/1972'),
(369873,10,'Account Type','Gold'),
(637797,1,'Ethnicity','Asian'),
(637797,1,'Date of Birth','9/11/1956'),
(637797,1,'Account Type','Platinum'),
(304982,25,'Ethnicity','Other'),
(304982,25,'Date of Birth','4/8/1979'),
(304982,25,'Account Type','Platinum'),
(338686,25,'Ethnicity','White'),
(338686,25,'Date of Birth','12/17/1979'),
(338686,25,'Account Type','Gold'),
(768053,14,'Ethnicity','White'),
(768053,14,'Date of Birth','1/17/1998'),
(768053,14,'Account Type','Gold'),
(349244,3,'Ethnicity','Asian'),
(349244,3,'Date of Birth','1/18/2007'),
(349244,3,'Account Type','Basic'),
(628497,21,'Ethnicity','Asian'),
(628497,21,'Date of Birth','10/26/2005'),
(628497,21,'Account Type','Platinum'),
(560440,24,'Ethnicity','Asian'),
(560440,24,'Date of Birth','5/30/1979'),
(560440,24,'Account Type','Basic'),
(881325,21,'Ethnicity','Other'),
(881325,21,'Date of Birth','7/11/1981'),
(881325,21,'Account Type','Basic'),
(311336,22,'Ethnicity','Black'),
(311336,22,'Date of Birth','11/12/2018'),
(311336,22,'Account Type','Platinum');

CREATE TABLE pd2023_wk04_july (
  ID BIGINT,
  joining_day BIGINT,
  Demographic TEXT,
  Value TEXT
);
INSERT INTO pd2023_wk04_july (ID, joining_day, Demographic, Value)
VALUES
(245830,6,'Ethnicity','Asian'),
(245830,6,'Date of Birth','9/2/1972'),
(245830,6,'Account Type','Basic'),
(814161,3,'Ethnicity','Black'),
(814161,3,'Date of Birth','12/2/1999'),
(814161,3,'Account Type','Gold'),
(593940,16,'Ethnicity','Black'),
(593940,16,'Date of Birth','3/18/1981'),
(593940,16,'Account Type','Gold'),
(419675,27,'Ethnicity','Black'),
(419675,27,'Date of Birth','6/19/1965'),
(419675,27,'Account Type','Gold'),
(849187,8,'Ethnicity','Other'),
(849187,8,'Date of Birth','10/27/1951'),
(849187,8,'Account Type','Platinum'),
(704346,13,'Ethnicity','Other'),
(704346,13,'Date of Birth','11/4/1978'),
(704346,13,'Account Type','Gold'),
(116248,2,'Ethnicity','White'),
(116248,2,'Date of Birth','2/4/2004'),
(116248,2,'Account Type','Basic'),
(489429,1,'Ethnicity','Black'),
(489429,1,'Date of Birth','11/16/2007'),
(489429,1,'Account Type','Platinum'),
(424911,16,'Ethnicity','Asian'),
(424911,16,'Date of Birth','3/21/1947'),
(424911,16,'Account Type','Platinum'),
(970978,8,'Ethnicity','White'),
(970978,8,'Date of Birth','1/28/1945'),
(970978,8,'Account Type','Platinum'),
(494955,17,'Ethnicity','Other'),
(494955,17,'Date of Birth','7/2/1985'),
(494955,17,'Account Type','Platinum'),
(481921,19,'Ethnicity','Asian'),
(481921,19,'Date of Birth','5/5/1970'),
(481921,19,'Account Type','Gold'),
(823045,12,'Ethnicity','Black'),
(823045,12,'Date of Birth','1/23/1990'),
(823045,12,'Account Type','Basic'),
(990258,16,'Ethnicity','Black'),
(990258,16,'Date of Birth','12/3/1998'),
(990258,16,'Account Type','Gold'),
(681753,7,'Ethnicity','Black'),
(681753,7,'Date of Birth','9/1/2019'),
(681753,7,'Account Type','Basic'),
(465769,14,'Ethnicity','White'),
(465769,14,'Date of Birth','2/10/1979'),
(465769,14,'Account Type','Platinum'),
(890720,7,'Ethnicity','White'),
(890720,7,'Date of Birth','9/20/1967'),
(890720,7,'Account Type','Gold'),
(514489,10,'Ethnicity','Black'),
(514489,10,'Date of Birth','5/3/2005'),
(514489,10,'Account Type','Basic'),
(964885,31,'Ethnicity','Asian'),
(964885,31,'Date of Birth','1/5/1990'),
(964885,31,'Account Type','Basic'),
(256154,12,'Ethnicity','Asian'),
(256154,12,'Date of Birth','3/30/1957'),
(256154,12,'Account Type','Gold'),
(115578,29,'Ethnicity','Black'),
(115578,29,'Date of Birth','9/2/1961'),
(115578,29,'Account Type','Gold'),
(111490,2,'Ethnicity','Black'),
(111490,2,'Date of Birth','3/1/1946'),
(111490,2,'Account Type','Basic'),
(344841,30,'Ethnicity','White'),
(344841,30,'Date of Birth','12/9/2002'),
(344841,30,'Account Type','Basic'),
(210727,25,'Ethnicity','White'),
(210727,25,'Date of Birth','4/6/1968'),
(210727,25,'Account Type','Platinum'),
(466664,16,'Ethnicity','Asian'),
(466664,16,'Date of Birth','5/14/1981'),
(466664,16,'Account Type','Basic'),
(739156,27,'Ethnicity','White'),
(739156,27,'Date of Birth','10/20/1976'),
(739156,27,'Account Type','Platinum'),
(192752,12,'Ethnicity','Asian'),
(192752,12,'Date of Birth','8/29/1981'),
(192752,12,'Account Type','Basic'),
(656037,11,'Ethnicity','White'),
(656037,11,'Date of Birth','8/17/1961'),
(656037,11,'Account Type','Platinum'),
(316468,23,'Ethnicity','Asian'),
(316468,23,'Date of Birth','9/22/1963'),
(316468,23,'Account Type','Gold'),
(788351,14,'Ethnicity','White'),
(788351,14,'Date of Birth','5/7/1985'),
(788351,14,'Account Type','Platinum'),
(114484,20,'Ethnicity','Black'),
(114484,20,'Date of Birth','1/19/1987'),
(114484,20,'Account Type','Basic'),
(211683,2,'Ethnicity','Other'),
(211683,2,'Date of Birth','9/4/2005'),
(211683,2,'Account Type','Basic'),
(212881,16,'Ethnicity','Black'),
(212881,16,'Date of Birth','3/19/2002'),
(212881,16,'Account Type','Platinum'),
(228463,19,'Ethnicity','Other'),
(228463,19,'Date of Birth','11/20/2011'),
(228463,19,'Account Type','Gold'),
(124765,17,'Ethnicity','Black'),
(124765,17,'Date of Birth','10/15/1965'),
(124765,17,'Account Type','Basic'),
(879426,31,'Ethnicity','Other'),
(879426,31,'Date of Birth','9/28/1996'),
(879426,31,'Account Type','Gold'),
(703312,25,'Ethnicity','Other'),
(703312,25,'Date of Birth','12/18/2012'),
(703312,25,'Account Type','Gold'),
(822881,17,'Ethnicity','Other'),
(822881,17,'Date of Birth','3/26/2012'),
(822881,17,'Account Type','Gold'),
(656301,7,'Ethnicity','Asian'),
(656301,7,'Date of Birth','1/31/1994'),
(656301,7,'Account Type','Gold'),
(619806,17,'Ethnicity','Asian'),
(619806,17,'Date of Birth','2/11/1974'),
(619806,17,'Account Type','Platinum'),
(489883,26,'Ethnicity','Asian'),
(489883,26,'Date of Birth','11/21/1972'),
(489883,26,'Account Type','Basic'),
(158161,9,'Ethnicity','White'),
(158161,9,'Date of Birth','10/15/2014'),
(158161,9,'Account Type','Basic'),
(751597,14,'Ethnicity','White'),
(751597,14,'Date of Birth','12/25/1966'),
(751597,14,'Account Type','Basic'),
(766091,3,'Ethnicity','White'),
(766091,3,'Date of Birth','10/24/2013'),
(766091,3,'Account Type','Basic'),
(306535,13,'Ethnicity','Asian'),
(306535,13,'Date of Birth','12/23/1977'),
(306535,13,'Account Type','Basic'),
(306044,28,'Ethnicity','Asian'),
(306044,28,'Date of Birth','5/13/1993'),
(306044,28,'Account Type','Platinum'),
(792923,25,'Ethnicity','White'),
(792923,25,'Date of Birth','10/16/1958'),
(792923,25,'Account Type','Basic'),
(194837,12,'Ethnicity','Other'),
(194837,12,'Date of Birth','6/28/1962'),
(194837,12,'Account Type','Platinum'),
(858519,1,'Ethnicity','White'),
(858519,1,'Date of Birth','1/27/2000'),
(858519,1,'Account Type','Gold'),
(854139,19,'Ethnicity','Other'),
(854139,19,'Date of Birth','7/12/1978'),
(854139,19,'Account Type','Platinum'),
(591539,26,'Ethnicity','White'),
(591539,26,'Date of Birth','11/7/1986'),
(591539,26,'Account Type','Basic'),
(960910,13,'Ethnicity','Black'),
(960910,13,'Date of Birth','12/16/1997'),
(960910,13,'Account Type','Basic'),
(543731,25,'Ethnicity','Asian'),
(543731,25,'Date of Birth','5/18/1989'),
(543731,25,'Account Type','Gold'),
(754172,24,'Ethnicity','White'),
(754172,24,'Date of Birth','7/21/2011'),
(754172,24,'Account Type','Basic'),
(798734,20,'Ethnicity','Black'),
(798734,20,'Date of Birth','11/5/1957'),
(798734,20,'Account Type','Gold'),
(516450,17,'Ethnicity','Black'),
(516450,17,'Date of Birth','1/12/1986'),
(516450,17,'Account Type','Gold'),
(597729,8,'Ethnicity','Other'),
(597729,8,'Date of Birth','2/7/1958'),
(597729,8,'Account Type','Basic'),
(428393,14,'Ethnicity','Black'),
(428393,14,'Date of Birth','5/12/2008'),
(428393,14,'Account Type','Basic'),
(572462,29,'Ethnicity','Black'),
(572462,29,'Date of Birth','5/29/1965'),
(572462,29,'Account Type','Platinum'),
(914893,18,'Ethnicity','White'),
(914893,18,'Date of Birth','1/3/1969'),
(914893,18,'Account Type','Basic'),
(112430,19,'Ethnicity','White'),
(112430,19,'Date of Birth','12/8/1948'),
(112430,19,'Account Type','Basic'),
(220423,4,'Ethnicity','Other'),
(220423,4,'Date of Birth','5/23/1940'),
(220423,4,'Account Type','Platinum'),
(415942,22,'Ethnicity','Asian'),
(415942,22,'Date of Birth','9/16/1947'),
(415942,22,'Account Type','Basic'),
(993957,17,'Ethnicity','Asian'),
(993957,17,'Date of Birth','3/7/1944'),
(993957,17,'Account Type','Platinum'),
(759212,29,'Ethnicity','White'),
(759212,29,'Date of Birth','10/6/2017'),
(759212,29,'Account Type','Platinum'),
(783242,18,'Ethnicity','Other'),
(783242,18,'Date of Birth','2/12/1952'),
(783242,18,'Account Type','Basic'),
(751067,20,'Ethnicity','Black'),
(751067,20,'Date of Birth','9/6/2000'),
(751067,20,'Account Type','Platinum'),
(242782,3,'Ethnicity','Other'),
(242782,3,'Date of Birth','11/4/1942'),
(242782,3,'Account Type','Platinum'),
(563716,11,'Ethnicity','Asian'),
(563716,11,'Date of Birth','2/3/1989'),
(563716,11,'Account Type','Platinum'),
(217393,24,'Ethnicity','Asian'),
(217393,24,'Date of Birth','10/29/1947'),
(217393,24,'Account Type','Platinum'),
(760048,17,'Ethnicity','Black'),
(760048,17,'Date of Birth','4/17/2011'),
(760048,17,'Account Type','Basic'),
(142608,21,'Ethnicity','Black'),
(142608,21,'Date of Birth','8/16/1994'),
(142608,21,'Account Type','Gold');

CREATE TABLE pd2023_wk04_august (
  ID BIGINT,
  joining_day BIGINT,
  Demographic TEXT,
  Value TEXT
);
INSERT INTO pd2023_wk04_august (ID, joining_day, Demographic, Value)
VALUES
(107924,2,'Ethnicity','Black'),
(107924,2,'Date of Birth','9/2/1975'),
(107924,2,'Account Type','Gold'),
(534142,26,'Ethnicity','Black'),
(534142,26,'Date of Birth','11/9/1954'),
(534142,26,'Account Type','Gold'),
(465564,26,'Ethnicity','Asian'),
(465564,26,'Date of Birth','8/12/2015'),
(465564,26,'Account Type','Platinum'),
(488809,23,'Ethnicity','Black'),
(488809,23,'Date of Birth','7/24/2004'),
(488809,23,'Account Type','Platinum'),
(201146,17,'Ethnicity','Black'),
(201146,17,'Date of Birth','7/1/1976'),
(201146,17,'Account Type','Basic'),
(378506,26,'Ethnicity','Other'),
(378506,26,'Date of Birth','7/8/1968'),
(378506,26,'Account Type','Basic'),
(268478,31,'Ethnicity','Black'),
(268478,31,'Date of Birth','6/14/1952'),
(268478,31,'Account Type','Gold'),
(850145,23,'Ethnicity','Other'),
(850145,23,'Date of Birth','4/4/2019'),
(850145,23,'Account Type','Gold'),
(604078,2,'Ethnicity','Asian'),
(604078,2,'Date of Birth','9/18/1997'),
(604078,2,'Account Type','Basic'),
(620952,30,'Ethnicity','White'),
(620952,30,'Date of Birth','9/5/1979'),
(620952,30,'Account Type','Platinum'),
(497542,22,'Ethnicity','White'),
(497542,22,'Date of Birth','5/19/2005'),
(497542,22,'Account Type','Gold'),
(151356,28,'Ethnicity','Asian'),
(151356,28,'Date of Birth','2/11/2013'),
(151356,28,'Account Type','Basic'),
(121769,13,'Ethnicity','Asian'),
(121769,13,'Date of Birth','12/31/1948'),
(121769,13,'Account Type','Gold'),
(647719,1,'Ethnicity','Black'),
(647719,1,'Date of Birth','7/20/2000'),
(647719,1,'Account Type','Gold'),
(124463,18,'Ethnicity','Other'),
(124463,18,'Date of Birth','5/12/1943'),
(124463,18,'Account Type','Basic'),
(642548,8,'Ethnicity','Black'),
(642548,8,'Date of Birth','6/1/2017'),
(642548,8,'Account Type','Gold'),
(115026,1,'Ethnicity','Asian'),
(115026,1,'Date of Birth','2/26/1993'),
(115026,1,'Account Type','Basic'),
(340036,25,'Ethnicity','Other'),
(340036,25,'Date of Birth','10/16/1952'),
(340036,25,'Account Type','Gold'),
(881809,10,'Ethnicity','White'),
(881809,10,'Date of Birth','10/29/1961'),
(881809,10,'Account Type','Basic'),
(127539,27,'Ethnicity','Other'),
(127539,27,'Date of Birth','10/2/2001'),
(127539,27,'Account Type','Platinum'),
(732882,18,'Ethnicity','White'),
(732882,18,'Date of Birth','6/15/1950'),
(732882,18,'Account Type','Platinum'),
(716137,15,'Ethnicity','Other'),
(716137,15,'Date of Birth','1/6/1987'),
(716137,15,'Account Type','Basic'),
(911428,27,'Ethnicity','Black'),
(911428,27,'Date of Birth','5/4/2005'),
(911428,27,'Account Type','Gold'),
(350315,31,'Ethnicity','Black'),
(350315,31,'Date of Birth','4/11/2014'),
(350315,31,'Account Type','Gold'),
(527503,15,'Ethnicity','White'),
(527503,15,'Date of Birth','1/8/1967'),
(527503,15,'Account Type','Gold'),
(793732,28,'Ethnicity','Asian'),
(793732,28,'Date of Birth','5/19/1986'),
(793732,28,'Account Type','Platinum'),
(499227,3,'Ethnicity','Other'),
(499227,3,'Date of Birth','9/12/1978'),
(499227,3,'Account Type','Gold'),
(697757,30,'Ethnicity','Other'),
(697757,30,'Date of Birth','2/3/1989'),
(697757,30,'Account Type','Gold'),
(414182,30,'Ethnicity','White'),
(414182,30,'Date of Birth','1/24/1973'),
(414182,30,'Account Type','Gold'),
(894124,18,'Ethnicity','Asian'),
(894124,18,'Date of Birth','10/20/1981'),
(894124,18,'Account Type','Gold'),
(425443,4,'Ethnicity','Black'),
(425443,4,'Date of Birth','7/17/1977'),
(425443,4,'Account Type','Platinum'),
(557275,9,'Ethnicity','Other'),
(557275,9,'Date of Birth','9/9/1999'),
(557275,9,'Account Type','Platinum'),
(940236,20,'Ethnicity','White'),
(940236,20,'Date of Birth','12/28/1957'),
(940236,20,'Account Type','Platinum'),
(825747,4,'Ethnicity','Black'),
(825747,4,'Date of Birth','10/7/1958'),
(825747,4,'Account Type','Basic'),
(374944,25,'Ethnicity','Black'),
(374944,25,'Date of Birth','3/20/1965'),
(374944,25,'Account Type','Basic'),
(813986,20,'Ethnicity','Other'),
(813986,20,'Date of Birth','5/2/1979'),
(813986,20,'Account Type','Gold'),
(618456,6,'Ethnicity','Asian'),
(618456,6,'Date of Birth','3/13/2009'),
(618456,6,'Account Type','Basic'),
(269274,28,'Ethnicity','White'),
(269274,28,'Date of Birth','1/8/2000'),
(269274,28,'Account Type','Platinum'),
(435115,26,'Ethnicity','Other'),
(435115,26,'Date of Birth','2/7/2012'),
(435115,26,'Account Type','Basic'),
(398707,22,'Ethnicity','Black'),
(398707,22,'Date of Birth','5/3/2012'),
(398707,22,'Account Type','Gold'),
(630270,23,'Ethnicity','Other'),
(630270,23,'Date of Birth','1/26/1964'),
(630270,23,'Account Type','Platinum'),
(253699,23,'Ethnicity','Other'),
(253699,23,'Date of Birth','12/31/1954'),
(253699,23,'Account Type','Gold'),
(951213,31,'Ethnicity','Asian'),
(951213,31,'Date of Birth','8/29/1982'),
(951213,31,'Account Type','Basic'),
(121392,15,'Ethnicity','Black'),
(121392,15,'Date of Birth','4/6/1980'),
(121392,15,'Account Type','Gold'),
(256547,30,'Ethnicity','Black'),
(256547,30,'Date of Birth','8/21/2013'),
(256547,30,'Account Type','Gold'),
(970285,4,'Ethnicity','Other'),
(970285,4,'Date of Birth','8/21/1988'),
(970285,4,'Account Type','Basic'),
(150324,11,'Ethnicity','White'),
(150324,11,'Date of Birth','6/13/2017'),
(150324,11,'Account Type','Gold'),
(103488,28,'Ethnicity','Other'),
(103488,28,'Date of Birth','9/26/1957'),
(103488,28,'Account Type','Basic'),
(938419,17,'Ethnicity','White'),
(938419,17,'Date of Birth','10/4/2003'),
(938419,17,'Account Type','Basic'),
(201221,6,'Ethnicity','Black'),
(201221,6,'Date of Birth','11/10/1941'),
(201221,6,'Account Type','Gold'),
(488622,31,'Ethnicity','Black'),
(488622,31,'Date of Birth','2/19/1945'),
(488622,31,'Account Type','Gold'),
(402835,27,'Ethnicity','Other'),
(402835,27,'Date of Birth','5/25/1941'),
(402835,27,'Account Type','Platinum'),
(673773,26,'Ethnicity','White'),
(673773,26,'Date of Birth','9/22/1951'),
(673773,26,'Account Type','Gold'),
(853490,21,'Ethnicity','Black'),
(853490,21,'Date of Birth','8/18/2011'),
(853490,21,'Account Type','Basic'),
(239999,10,'Ethnicity','Black'),
(239999,10,'Date of Birth','9/7/1988'),
(239999,10,'Account Type','Platinum'),
(166958,27,'Ethnicity','Black'),
(166958,27,'Date of Birth','5/2/1947'),
(166958,27,'Account Type','Platinum'),
(222493,2,'Ethnicity','Asian'),
(222493,2,'Date of Birth','12/6/1941'),
(222493,2,'Account Type','Platinum'),
(101744,29,'Ethnicity','Asian'),
(101744,29,'Date of Birth','1/21/1945'),
(101744,29,'Account Type','Basic'),
(973817,7,'Ethnicity','Black'),
(973817,7,'Date of Birth','7/26/1990'),
(973817,7,'Account Type','Gold'),
(692114,22,'Ethnicity','Asian'),
(692114,22,'Date of Birth','9/10/1973'),
(692114,22,'Account Type','Platinum'),
(896280,6,'Ethnicity','Other'),
(896280,6,'Date of Birth','9/24/1996'),
(896280,6,'Account Type','Basic'),
(610368,22,'Ethnicity','Other'),
(610368,22,'Date of Birth','7/15/1965'),
(610368,22,'Account Type','Basic'),
(422091,20,'Ethnicity','Asian'),
(422091,20,'Date of Birth','3/9/2001'),
(422091,20,'Account Type','Gold'),
(162027,8,'Ethnicity','Other'),
(162027,8,'Date of Birth','3/15/1992'),
(162027,8,'Account Type','Gold'),
(273251,9,'Ethnicity','Asian'),
(273251,9,'Date of Birth','3/23/1963'),
(273251,9,'Account Type','Basic'),
(699074,4,'Ethnicity','Other'),
(699074,4,'Date of Birth','8/13/1972'),
(699074,4,'Account Type','Basic'),
(549892,30,'Ethnicity','Asian'),
(549892,30,'Date of Birth','7/5/1959'),
(549892,30,'Account Type','Gold'),
(472221,17,'Ethnicity','White'),
(472221,17,'Date of Birth','10/12/1994'),
(472221,17,'Account Type','Platinum'),
(312324,28,'Ethnicity','White'),
(312324,28,'Date of Birth','8/13/2016'),
(312324,28,'Account Type','Gold'),
(935038,28,'Ethnicity','Black'),
(935038,28,'Date of Birth','1/24/2007'),
(935038,28,'Account Type','Platinum'),
(883835,18,'Ethnicity','Asian'),
(883835,18,'Date of Birth','11/18/1987'),
(883835,18,'Account Type','Gold'),
(660049,2,'Ethnicity','Asian'),
(660049,2,'Date of Birth','11/21/1984'),
(660049,2,'Account Type','Basic'),
(202400,13,'Ethnicity','White'),
(202400,13,'Date of Birth','6/28/1962'),
(202400,13,'Account Type','Basic'),
(478868,15,'Ethnicity','Other'),
(478868,15,'Date of Birth','10/27/1958'),
(478868,15,'Account Type','Gold'),
(593067,20,'Ethnicity','Black'),
(593067,20,'Date of Birth','10/1/2019'),
(593067,20,'Account Type','Gold'),
(982613,23,'Ethnicity','White'),
(982613,23,'Date of Birth','5/29/1949'),
(982613,23,'Account Type','Platinum'),
(786474,19,'Ethnicity','Other'),
(786474,19,'Date of Birth','4/5/1992'),
(786474,19,'Account Type','Gold'),
(485343,14,'Ethnicity','Other'),
(485343,14,'Date of Birth','6/21/1945'),
(485343,14,'Account Type','Gold'),
(717582,10,'Ethnicity','Other'),
(717582,10,'Date of Birth','8/5/1950'),
(717582,10,'Account Type','Basic'),
(332370,21,'Ethnicity','White'),
(332370,21,'Date of Birth','10/26/2002'),
(332370,21,'Account Type','Basic'),
(146884,24,'Ethnicity','Black'),
(146884,24,'Date of Birth','5/19/1961'),
(146884,24,'Account Type','Basic'),
(698848,28,'Ethnicity','White'),
(698848,28,'Date of Birth','5/8/1970'),
(698848,28,'Account Type','Platinum'),
(720947,19,'Ethnicity','Other'),
(720947,19,'Date of Birth','11/17/1997'),
(720947,19,'Account Type','Basic'),
(168221,17,'Ethnicity','Other'),
(168221,17,'Date of Birth','2/26/2003'),
(168221,17,'Account Type','Gold'),
(900582,29,'Ethnicity','Asian'),
(900582,29,'Date of Birth','12/9/1963'),
(900582,29,'Account Type','Gold'),
(333873,16,'Ethnicity','Black'),
(333873,16,'Date of Birth','8/31/1994'),
(333873,16,'Account Type','Platinum');

CREATE TABLE pd2023_wk04_september (
  ID BIGINT,
  joining_day BIGINT,
  Demographic TEXT,
  Value TEXT
);

INSERT INTO pd2023_wk04_september (ID, joining_day, Demographic, Value)
VALUES
(319351,1,'Ethnicity','Black'),
(319351,1,'Date of Birth','8/11/1961'),
(319351,1,'Account Type','Gold'),
(228495,8,'Ethnicity','Other'),
(228495,8,'Date of Birth','4/7/2006'),
(228495,8,'Account Type','Basic'),
(163670,17,'Ethnicity','White'),
(163670,17,'Date of Birth','9/7/1970'),
(163670,17,'Account Type','Platinum'),
(801185,29,'Ethnicity','Other'),
(801185,29,'Date of Birth','3/17/1975'),
(801185,29,'Account Type','Basic'),
(625210,30,'Ethnicity','Other'),
(625210,30,'Date of Birth','12/23/1995'),
(625210,30,'Account Type','Gold'),
(615502,12,'Ethnicity','Asian'),
(615502,12,'Date of Birth','10/1/1973'),
(615502,12,'Account Type','Basic'),
(541236,12,'Ethnicity','White'),
(541236,12,'Date of Birth','4/13/1964'),
(541236,12,'Account Type','Gold'),
(861502,24,'Ethnicity','Other'),
(861502,24,'Date of Birth','5/7/1981'),
(861502,24,'Account Type','Basic'),
(159537,26,'Ethnicity','Asian'),
(159537,26,'Date of Birth','7/30/2012'),
(159537,26,'Account Type','Gold'),
(252873,17,'Ethnicity','Other'),
(252873,17,'Date of Birth','2/17/1946'),
(252873,17,'Account Type','Basic'),
(383716,27,'Ethnicity','Asian'),
(383716,27,'Date of Birth','6/22/2000'),
(383716,27,'Account Type','Platinum'),
(974075,6,'Ethnicity','White'),
(974075,6,'Date of Birth','3/24/1982'),
(974075,6,'Account Type','Basic'),
(960401,9,'Ethnicity','Black'),
(960401,9,'Date of Birth','2/26/1991'),
(960401,9,'Account Type','Gold'),
(725517,9,'Ethnicity','White'),
(725517,9,'Date of Birth','11/29/1943'),
(725517,9,'Account Type','Basic'),
(947646,5,'Ethnicity','Asian'),
(947646,5,'Date of Birth','4/14/1968'),
(947646,5,'Account Type','Gold'),
(169924,11,'Ethnicity','White'),
(169924,11,'Date of Birth','10/20/1977'),
(169924,11,'Account Type','Platinum'),
(188536,9,'Ethnicity','Other'),
(188536,9,'Date of Birth','12/25/1946'),
(188536,9,'Account Type','Basic'),
(512357,25,'Ethnicity','White'),
(512357,25,'Date of Birth','11/19/2009'),
(512357,25,'Account Type','Basic'),
(892110,27,'Ethnicity','Asian'),
(892110,27,'Date of Birth','5/27/1955'),
(892110,27,'Account Type','Gold'),
(350952,10,'Ethnicity','Black'),
(350952,10,'Date of Birth','5/14/1997'),
(350952,10,'Account Type','Basic'),
(546446,23,'Ethnicity','White'),
(546446,23,'Date of Birth','3/31/1973'),
(546446,23,'Account Type','Basic'),
(274486,11,'Ethnicity','White'),
(274486,11,'Date of Birth','4/11/2010'),
(274486,11,'Account Type','Gold'),
(889441,2,'Ethnicity','Asian'),
(889441,2,'Date of Birth','9/23/2000'),
(889441,2,'Account Type','Basic'),
(222775,30,'Ethnicity','White'),
(222775,30,'Date of Birth','11/30/1960'),
(222775,30,'Account Type','Basic'),
(113596,30,'Ethnicity','Black'),
(113596,30,'Date of Birth','11/19/2005'),
(113596,30,'Account Type','Basic'),
(391064,23,'Ethnicity','Other'),
(391064,23,'Date of Birth','9/7/1959'),
(391064,23,'Account Type','Gold'),
(662004,3,'Ethnicity','Black'),
(662004,3,'Date of Birth','4/3/2014'),
(662004,3,'Account Type','Platinum'),
(339282,16,'Ethnicity','Other'),
(339282,16,'Date of Birth','10/31/1968'),
(339282,16,'Account Type','Basic'),
(382180,16,'Ethnicity','Other'),
(382180,16,'Date of Birth','12/14/1975'),
(382180,16,'Account Type','Platinum'),
(272178,28,'Ethnicity','White'),
(272178,28,'Date of Birth','3/3/1985'),
(272178,28,'Account Type','Gold'),
(861565,30,'Ethnicity','Black'),
(861565,30,'Date of Birth','5/19/1996'),
(861565,30,'Account Type','Basic'),
(901811,18,'Ethnicity','White'),
(901811,18,'Date of Birth','8/28/1968'),
(901811,18,'Account Type','Basic'),
(451570,4,'Ethnicity','Other'),
(451570,4,'Date of Birth','4/21/1974'),
(451570,4,'Account Type','Gold'),
(497693,19,'Ethnicity','Other'),
(497693,19,'Date of Birth','3/14/1970'),
(497693,19,'Account Type','Platinum'),
(569494,1,'Ethnicity','Black'),
(569494,1,'Date of Birth','8/30/1976'),
(569494,1,'Account Type','Gold'),
(719232,17,'Ethnicity','White'),
(719232,17,'Date of Birth','3/6/1983'),
(719232,17,'Account Type','Platinum'),
(158323,24,'Ethnicity','White'),
(158323,24,'Date of Birth','5/7/1973'),
(158323,24,'Account Type','Platinum'),
(931023,7,'Ethnicity','Black'),
(931023,7,'Date of Birth','3/5/1985'),
(931023,7,'Account Type','Platinum'),
(567696,9,'Ethnicity','Black'),
(567696,9,'Date of Birth','9/17/1943'),
(567696,9,'Account Type','Gold'),
(356495,20,'Ethnicity','White'),
(356495,20,'Date of Birth','2/2/1981'),
(356495,20,'Account Type','Platinum'),
(314876,29,'Ethnicity','Asian'),
(314876,29,'Date of Birth','2/13/2013'),
(314876,29,'Account Type','Basic'),
(148755,17,'Ethnicity','White'),
(148755,17,'Date of Birth','10/21/1970'),
(148755,17,'Account Type','Platinum'),
(207622,22,'Ethnicity','White'),
(207622,22,'Date of Birth','12/29/1959'),
(207622,22,'Account Type','Platinum'),
(743567,12,'Ethnicity','Other'),
(743567,12,'Date of Birth','9/19/1971'),
(743567,12,'Account Type','Platinum'),
(909727,26,'Ethnicity','Asian'),
(909727,26,'Date of Birth','1/20/2011'),
(909727,26,'Account Type','Gold'),
(921939,29,'Ethnicity','Other'),
(921939,29,'Date of Birth','2/5/1963'),
(921939,29,'Account Type','Gold'),
(660162,16,'Ethnicity','White'),
(660162,16,'Date of Birth','12/2/2001'),
(660162,16,'Account Type','Platinum'),
(212028,8,'Ethnicity','White'),
(212028,8,'Date of Birth','2/19/2008'),
(212028,8,'Account Type','Basic'),
(314233,9,'Ethnicity','Asian'),
(314233,9,'Date of Birth','12/16/2018'),
(314233,9,'Account Type','Platinum'),
(385540,30,'Ethnicity','White'),
(385540,30,'Date of Birth','2/1/1943'),
(385540,30,'Account Type','Gold'),
(528074,13,'Ethnicity','Other'),
(528074,13,'Date of Birth','5/26/2013'),
(528074,13,'Account Type','Gold'),
(598899,19,'Ethnicity','Black'),
(598899,19,'Date of Birth','1/10/1999'),
(598899,19,'Account Type','Basic'),
(740085,11,'Ethnicity','Other'),
(740085,11,'Date of Birth','10/8/2002'),
(740085,11,'Account Type','Platinum'),
(325886,14,'Ethnicity','Asian'),
(325886,14,'Date of Birth','5/19/1941'),
(325886,14,'Account Type','Gold'),
(368497,28,'Ethnicity','Other'),
(368497,28,'Date of Birth','7/29/1991'),
(368497,28,'Account Type','Basic'),
(145716,5,'Ethnicity','Asian'),
(145716,5,'Date of Birth','3/20/1995'),
(145716,5,'Account Type','Gold'),
(652834,10,'Ethnicity','Black'),
(652834,10,'Date of Birth','11/19/1982'),
(652834,10,'Account Type','Gold'),
(611755,28,'Ethnicity','Other'),
(611755,28,'Date of Birth','2/11/1949'),
(611755,28,'Account Type','Platinum'),
(817709,12,'Ethnicity','Other'),
(817709,12,'Date of Birth','11/3/1988'),
(817709,12,'Account Type','Platinum'),
(166124,8,'Ethnicity','Black'),
(166124,8,'Date of Birth','5/31/1966'),
(166124,8,'Account Type','Gold'),
(939708,30,'Ethnicity','White'),
(939708,30,'Date of Birth','4/1/1971'),
(939708,30,'Account Type','Basic'),
(986393,2,'Ethnicity','Black'),
(986393,2,'Date of Birth','12/14/2003'),
(986393,2,'Account Type','Basic'),
(228727,6,'Ethnicity','Other'),
(228727,6,'Date of Birth','3/29/1964'),
(228727,6,'Account Type','Platinum'),
(808972,5,'Ethnicity','Other'),
(808972,5,'Date of Birth','2/19/2006'),
(808972,5,'Account Type','Platinum'),
(997703,19,'Ethnicity','Other'),
(997703,19,'Date of Birth','1/7/1998'),
(997703,19,'Account Type','Platinum'),
(534626,5,'Ethnicity','White'),
(534626,5,'Date of Birth','6/25/1944'),
(534626,5,'Account Type','Platinum'),
(701002,25,'Ethnicity','White'),
(701002,25,'Date of Birth','3/2/1989'),
(701002,25,'Account Type','Gold'),
(232704,17,'Ethnicity','Black'),
(232704,17,'Date of Birth','10/20/1956'),
(232704,17,'Account Type','Gold'),
(661243,17,'Ethnicity','Other'),
(661243,17,'Date of Birth','11/17/2011'),
(661243,17,'Account Type','Gold'),
(445532,13,'Ethnicity','Black'),
(445532,13,'Date of Birth','10/8/1972'),
(445532,13,'Account Type','Basic'),
(307727,20,'Ethnicity','Other'),
(307727,20,'Date of Birth','1/6/1972'),
(307727,20,'Account Type','Basic'),
(319379,15,'Ethnicity','Other'),
(319379,15,'Date of Birth','5/6/1974'),
(319379,15,'Account Type','Gold'),
(796180,16,'Ethnicity','Other'),
(796180,16,'Date of Birth','3/10/1944'),
(796180,16,'Account Type','Basic'),
(720200,21,'Ethnicity','Other'),
(720200,21,'Date of Birth','12/24/1996'),
(720200,21,'Account Type','Basic'),
(827538,2,'Ethnicity','White'),
(827538,2,'Date of Birth','12/21/1982'),
(827538,2,'Account Type','Gold'),
(734567,6,'Ethnicity','Black'),
(734567,6,'Date of Birth','1/22/1976'),
(734567,6,'Account Type','Basic'),
(152219,3,'Ethnicity','Black'),
(152219,3,'Date of Birth','11/18/1968'),
(152219,3,'Account Type','Basic'),
(159759,29,'Ethnicity','Black'),
(159759,29,'Date of Birth','4/29/1993'),
(159759,29,'Account Type','Gold'),
(155384,9,'Ethnicity','Asian'),
(155384,9,'Date of Birth','7/4/1992'),
(155384,9,'Account Type','Platinum'),
(428406,2,'Ethnicity','Asian'),
(428406,2,'Date of Birth','8/8/1972'),
(428406,2,'Account Type','Basic'),
(442375,16,'Ethnicity','White'),
(442375,16,'Date of Birth','6/15/1985'),
(442375,16,'Account Type','Platinum'),
(826580,28,'Ethnicity','Black'),
(826580,28,'Date of Birth','9/6/1975'),
(826580,28,'Account Type','Gold'),
(375840,17,'Ethnicity','Asian'),
(375840,17,'Date of Birth','3/8/1963'),
(375840,17,'Account Type','Gold'),
(213378,15,'Ethnicity','Black'),
(213378,15,'Date of Birth','7/3/1987'),
(213378,15,'Account Type','Basic');


CREATE TABLE pd2023_wk04_october (
  ID BIGINT,
  joining_day BIGINT,
  Demographic TEXT,
  Value TEXT
);

INSERT INTO pd2023_wk04_october (ID, joining_day, Demographic, Value)
VALUES
(182172,12,'Ethnicity','Other'),
(182172,12,'Date of Birth','11/11/1940'),
(182172,12,'Account Type','Basic'),
(293881,29,'Ethnicity','Black'),
(293881,29,'Date of Birth','3/10/1963'),
(293881,29,'Account Type','Basic'),
(900970,7,'Ethnicity','Asian'),
(900970,7,'Date of Birth','2/27/1985'),
(900970,7,'Account Type','Basic'),
(423343,27,'Ethnicity','White'),
(423343,27,'Date of Birth','7/25/1947'),
(423343,27,'Account Type','Basic'),
(562722,25,'Ethnicity','Asian'),
(562722,25,'Date of Birth','8/9/2007'),
(562722,25,'Account Type','Platinum'),
(423637,30,'Ethnicity','Other'),
(423637,30,'Date of Birth','1/30/1941'),
(423637,30,'Account Type','Basic'),
(937520,30,'Ethnicity','Other'),
(937520,30,'Date of Birth','2/8/1964'),
(937520,30,'Account Type','Gold'),
(577581,22,'Ethnicity','White'),
(577581,22,'Date of Birth','6/22/1960'),
(577581,22,'Account Type','Platinum'),
(889600,7,'Ethnicity','Asian'),
(889600,7,'Date of Birth','6/2/1946'),
(889600,7,'Account Type','Gold'),
(229517,20,'Ethnicity','Asian'),
(229517,20,'Date of Birth','5/26/1969'),
(229517,20,'Account Type','Platinum'),
(189309,24,'Ethnicity','Other'),
(189309,24,'Date of Birth','1/29/1985'),
(189309,24,'Account Type','Platinum'),
(511264,27,'Ethnicity','Other'),
(511264,27,'Date of Birth','7/7/1957'),
(511264,27,'Account Type','Platinum'),
(543527,12,'Ethnicity','Other'),
(543527,12,'Date of Birth','2/23/2013'),
(543527,12,'Account Type','Gold'),
(491387,28,'Ethnicity','Asian'),
(491387,28,'Date of Birth','11/4/2001'),
(491387,28,'Account Type','Platinum'),
(940125,2,'Ethnicity','Black'),
(940125,2,'Date of Birth','9/22/1949'),
(940125,2,'Account Type','Gold'),
(971397,20,'Ethnicity','Other'),
(971397,20,'Date of Birth','10/21/1970'),
(971397,20,'Account Type','Platinum'),
(703596,26,'Ethnicity','White'),
(703596,26,'Date of Birth','6/6/1948'),
(703596,26,'Account Type','Platinum'),
(172511,18,'Ethnicity','Other'),
(172511,18,'Date of Birth','7/11/1945'),
(172511,18,'Account Type','Gold'),
(693419,26,'Ethnicity','Black'),
(693419,26,'Date of Birth','2/27/1950'),
(693419,26,'Account Type','Gold'),
(759289,30,'Ethnicity','Asian'),
(759289,30,'Date of Birth','8/9/1965'),
(759289,30,'Account Type','Platinum'),
(897320,31,'Ethnicity','White'),
(897320,31,'Date of Birth','4/13/1978'),
(897320,31,'Account Type','Basic'),
(762315,22,'Ethnicity','White'),
(762315,22,'Date of Birth','1/26/1940'),
(762315,22,'Account Type','Gold'),
(802490,27,'Ethnicity','Other'),
(802490,27,'Date of Birth','5/13/1970'),
(802490,27,'Account Type','Basic'),
(701314,24,'Ethnicity','White'),
(701314,24,'Date of Birth','3/27/1981'),
(701314,24,'Account Type','Platinum'),
(371271,25,'Ethnicity','Other'),
(371271,25,'Date of Birth','8/28/2001'),
(371271,25,'Account Type','Basic'),
(803346,8,'Ethnicity','Other'),
(803346,8,'Date of Birth','9/17/2015'),
(803346,8,'Account Type','Gold'),
(677472,16,'Ethnicity','Black'),
(677472,16,'Date of Birth','1/18/1996'),
(677472,16,'Account Type','Gold'),
(259388,15,'Ethnicity','Black'),
(259388,15,'Date of Birth','8/29/1984'),
(259388,15,'Account Type','Platinum'),
(435013,18,'Ethnicity','Black'),
(435013,18,'Date of Birth','9/1/1998'),
(435013,18,'Account Type','Basic'),
(832494,16,'Ethnicity','White'),
(832494,16,'Date of Birth','6/23/1964'),
(832494,16,'Account Type','Gold'),
(790504,4,'Ethnicity','White'),
(790504,4,'Date of Birth','6/13/1955'),
(790504,4,'Account Type','Platinum'),
(691430,11,'Ethnicity','Black'),
(691430,11,'Date of Birth','4/25/1988'),
(691430,11,'Account Type','Platinum'),
(917106,31,'Ethnicity','Asian'),
(917106,31,'Date of Birth','10/16/1942'),
(917106,31,'Account Type','Platinum'),
(762634,19,'Ethnicity','White'),
(762634,19,'Date of Birth','1/14/1980'),
(762634,19,'Account Type','Platinum'),
(125311,1,'Ethnicity','Black'),
(125311,1,'Date of Birth','5/1/2008'),
(125311,1,'Account Type','Basic'),
(182986,23,'Ethnicity','Other'),
(182986,23,'Date of Birth','1/1/2006'),
(182986,23,'Account Type','Basic'),
(346957,14,'Ethnicity','Asian'),
(346957,14,'Date of Birth','12/29/1990'),
(346957,14,'Account Type','Platinum'),
(942724,9,'Ethnicity','Black'),
(942724,9,'Date of Birth','5/23/1979'),
(942724,9,'Account Type','Platinum'),
(503279,17,'Ethnicity','White'),
(503279,17,'Date of Birth','4/13/1967'),
(503279,17,'Account Type','Gold'),
(217539,29,'Ethnicity','White'),
(217539,29,'Date of Birth','7/3/1954'),
(217539,29,'Account Type','Basic'),
(701647,22,'Ethnicity','Other'),
(701647,22,'Date of Birth','4/27/1954'),
(701647,22,'Account Type','Platinum'),
(415762,20,'Ethnicity','Black'),
(415762,20,'Date of Birth','11/3/1949'),
(415762,20,'Account Type','Basic'),
(769158,12,'Ethnicity','Asian'),
(769158,12,'Date of Birth','3/9/1996'),
(769158,12,'Account Type','Basic'),
(194394,16,'Ethnicity','Asian'),
(194394,16,'Date of Birth','6/18/1991'),
(194394,16,'Account Type','Gold'),
(202437,29,'Ethnicity','Other'),
(202437,29,'Date of Birth','12/30/1976'),
(202437,29,'Account Type','Platinum'),
(494925,17,'Ethnicity','Asian'),
(494925,17,'Date of Birth','11/29/1957'),
(494925,17,'Account Type','Platinum'),
(341542,3,'Ethnicity','Black'),
(341542,3,'Date of Birth','12/26/1984'),
(341542,3,'Account Type','Gold'),
(559179,22,'Ethnicity','Other'),
(559179,22,'Date of Birth','2/18/1979'),
(559179,22,'Account Type','Basic'),
(625189,24,'Ethnicity','Other'),
(625189,24,'Date of Birth','7/19/1985'),
(625189,24,'Account Type','Gold'),
(933326,5,'Ethnicity','Other'),
(933326,5,'Date of Birth','10/6/2010'),
(933326,5,'Account Type','Gold'),
(507932,29,'Ethnicity','Asian'),
(507932,29,'Date of Birth','8/15/2005'),
(507932,29,'Account Type','Platinum'),
(644707,3,'Ethnicity','White'),
(644707,3,'Date of Birth','7/5/1995'),
(644707,3,'Account Type','Platinum'),
(485637,9,'Ethnicity','White'),
(485637,9,'Date of Birth','10/20/2001'),
(485637,9,'Account Type','Basic'),
(142674,27,'Ethnicity','Other'),
(142674,27,'Date of Birth','9/2/1987'),
(142674,27,'Account Type','Basic'),
(540772,1,'Ethnicity','Black'),
(540772,1,'Date of Birth','5/15/1957'),
(540772,1,'Account Type','Gold'),
(963545,15,'Ethnicity','White'),
(963545,15,'Date of Birth','12/19/2001'),
(963545,15,'Account Type','Basic'),
(919938,31,'Ethnicity','White'),
(919938,31,'Date of Birth','12/6/1995'),
(919938,31,'Account Type','Gold'),
(167545,23,'Ethnicity','White'),
(167545,23,'Date of Birth','3/15/1987'),
(167545,23,'Account Type','Platinum'),
(439709,5,'Ethnicity','Other'),
(439709,5,'Date of Birth','8/21/2009'),
(439709,5,'Account Type','Basic'),
(158058,28,'Ethnicity','Other'),
(158058,28,'Date of Birth','2/7/1955'),
(158058,28,'Account Type','Platinum'),
(165263,26,'Ethnicity','Other'),
(165263,26,'Date of Birth','10/15/1970'),
(165263,26,'Account Type','Platinum'),
(234964,10,'Ethnicity','Other'),
(234964,10,'Date of Birth','9/14/1962'),
(234964,10,'Account Type','Platinum'),
(804299,6,'Ethnicity','Other'),
(804299,6,'Date of Birth','11/4/1957'),
(804299,6,'Account Type','Gold'),
(848472,18,'Ethnicity','Other'),
(848472,18,'Date of Birth','10/20/2009'),
(848472,18,'Account Type','Gold'),
(175875,10,'Ethnicity','Asian'),
(175875,10,'Date of Birth','11/19/1970'),
(175875,10,'Account Type','Gold'),
(673020,4,'Ethnicity','Other'),
(673020,4,'Date of Birth','11/30/1979'),
(673020,4,'Account Type','Platinum'),
(213994,29,'Ethnicity','White'),
(213994,29,'Date of Birth','4/16/1961'),
(213994,29,'Account Type','Gold'),
(851016,18,'Ethnicity','White'),
(851016,18,'Date of Birth','1/18/2010'),
(851016,18,'Account Type','Platinum'),
(825555,29,'Ethnicity','Asian'),
(825555,29,'Date of Birth','11/10/2019'),
(825555,29,'Account Type','Platinum'),
(388013,27,'Ethnicity','Black'),
(388013,27,'Date of Birth','7/13/2018'),
(388013,27,'Account Type','Gold'),
(285733,16,'Ethnicity','Black'),
(285733,16,'Date of Birth','5/19/2000'),
(285733,16,'Account Type','Gold'),
(352431,31,'Ethnicity','Asian'),
(352431,31,'Date of Birth','12/2/1970'),
(352431,31,'Account Type','Basic'),
(918029,28,'Ethnicity','Black'),
(918029,28,'Date of Birth','11/21/1969'),
(918029,28,'Account Type','Gold'),
(682556,7,'Ethnicity','Black'),
(682556,7,'Date of Birth','9/30/1966'),
(682556,7,'Account Type','Gold'),
(405774,5,'Ethnicity','Asian'),
(405774,5,'Date of Birth','8/11/1993'),
(405774,5,'Account Type','Gold'),
(920547,29,'Ethnicity','Asian'),
(920547,29,'Date of Birth','12/28/1943'),
(920547,29,'Account Type','Basic'),
(973755,10,'Ethnicity','Black'),
(973755,10,'Date of Birth','1/12/1998'),
(973755,10,'Account Type','Platinum'),
(261886,13,'Ethnicity','Asian'),
(261886,13,'Date of Birth','5/23/1974'),
(261886,13,'Account Type','Basic'),
(551306,3,'Ethnicity','White'),
(551306,3,'Date of Birth','2/6/2008'),
(551306,3,'Account Type','Gold'),
(326497,11,'Ethnicity','Black'),
(326497,11,'Date of Birth','4/24/2013'),
(326497,11,'Account Type','Basic'),
(639158,28,'Ethnicity','White'),
(639158,28,'Date of Birth','9/29/1989'),
(639158,28,'Account Type','Platinum'),
(401721,8,'Ethnicity','Other'),
(401721,8,'Date of Birth','12/15/1955'),
(401721,8,'Account Type','Platinum'),
(251536,6,'Ethnicity','Asian'),
(251536,6,'Date of Birth','5/14/1957'),
(251536,6,'Account Type','Basic'),
(238622,20,'Ethnicity','Asian'),
(238622,20,'Date of Birth','10/27/1995'),
(238622,20,'Account Type','Gold'),
(293767,7,'Ethnicity','Asian'),
(293767,7,'Date of Birth','1/16/2018'),
(293767,7,'Account Type','Platinum'),
(206041,13,'Ethnicity','White'),
(206041,13,'Date of Birth','10/18/2010'),
(206041,13,'Account Type','Gold'),
(848661,8,'Ethnicity','Black'),
(848661,8,'Date of Birth','12/2/1957'),
(848661,8,'Account Type','Platinum'),
(119971,1,'Ethnicity','Asian'),
(119971,1,'Date of Birth','5/21/1963'),
(119971,1,'Account Type','Basic'),
(593905,27,'Ethnicity','Black'),
(593905,27,'Date of Birth','12/5/1961'),
(593905,27,'Account Type','Basic'),
(897163,11,'Ethnicity','Other'),
(897163,11,'Date of Birth','10/5/1986'),
(897163,11,'Account Type','Platinum'),
(754452,4,'Ethnicity','Other'),
(754452,4,'Date of Birth','11/13/1955'),
(754452,4,'Account Type','Basic'),
(111501,12,'Ethnicity','Black'),
(111501,12,'Date of Birth','5/3/1999'),
(111501,12,'Account Type','Gold');

CREATE TABLE pd2023_wk04_november (
  ID BIGINT,
  joining_day BIGINT,
  Demographic TEXT,
  Value TEXT
);

INSERT INTO pd2023_wk04_november (ID, joining_day, Demographic, Value)
VALUES
(824746,23,'Ethnicity','Black'),
(824746,23,'Date of Birth','11/29/1984'),
(824746,23,'Account Type','Platinum'),
(190312,3,'Ethnicity','White'),
(190312,3,'Date of Birth','1/21/2014'),
(190312,3,'Account Type','Gold'),
(713378,13,'Ethnicity','Black'),
(713378,13,'Date of Birth','9/28/1977'),
(713378,13,'Account Type','Basic'),
(939786,25,'Ethnicity','Other'),
(939786,25,'Date of Birth','6/16/1997'),
(939786,25,'Account Type','Gold'),
(784400,26,'Ethnicity','Asian'),
(784400,26,'Date of Birth','12/10/2002'),
(784400,26,'Account Type','Gold'),
(271529,21,'Ethnicity','Asian'),
(271529,21,'Date of Birth','7/10/2012'),
(271529,21,'Account Type','Platinum'),
(874417,9,'Ethnicity','Other'),
(874417,9,'Date of Birth','8/12/1985'),
(874417,9,'Account Type','Platinum'),
(221238,1,'Ethnicity','Other'),
(221238,1,'Date of Birth','12/28/1940'),
(221238,1,'Account Type','Platinum'),
(785851,8,'Ethnicity','Other'),
(785851,8,'Date of Birth','6/12/1981'),
(785851,8,'Account Type','Basic'),
(753388,6,'Ethnicity','Asian'),
(753388,6,'Date of Birth','5/16/1952'),
(753388,6,'Account Type','Platinum'),
(494788,11,'Ethnicity','Black'),
(494788,11,'Date of Birth','5/5/1968'),
(494788,11,'Account Type','Gold'),
(959681,4,'Ethnicity','White'),
(959681,4,'Date of Birth','11/30/1945'),
(959681,4,'Account Type','Basic'),
(748491,20,'Ethnicity','Asian'),
(748491,20,'Date of Birth','12/7/1957'),
(748491,20,'Account Type','Platinum'),
(168605,14,'Ethnicity','Black'),
(168605,14,'Date of Birth','9/26/1983'),
(168605,14,'Account Type','Basic'),
(112161,13,'Ethnicity','Asian'),
(112161,13,'Date of Birth','6/27/1967'),
(112161,13,'Account Type','Platinum'),
(918911,4,'Ethnicity','Black'),
(918911,4,'Date of Birth','3/5/1954'),
(918911,4,'Account Type','Gold'),
(664737,19,'Ethnicity','Black'),
(664737,19,'Date of Birth','7/7/2000'),
(664737,19,'Account Type','Gold'),
(531040,3,'Ethnicity','White'),
(531040,3,'Date of Birth','7/17/1978'),
(531040,3,'Account Type','Gold'),
(141629,4,'Ethnicity','Other'),
(141629,4,'Date of Birth','3/9/1957'),
(141629,4,'Account Type','Basic'),
(601677,5,'Ethnicity','Other'),
(601677,5,'Date of Birth','1/9/1964'),
(601677,5,'Account Type','Basic'),
(761978,17,'Ethnicity','Asian'),
(761978,17,'Date of Birth','11/4/1991'),
(761978,17,'Account Type','Gold'),
(235138,15,'Ethnicity','Asian'),
(235138,15,'Date of Birth','4/23/1967'),
(235138,15,'Account Type','Platinum'),
(949651,25,'Ethnicity','Other'),
(949651,25,'Date of Birth','9/13/1940'),
(949651,25,'Account Type','Platinum'),
(689247,4,'Ethnicity','Black'),
(689247,4,'Date of Birth','11/16/1985'),
(689247,4,'Account Type','Gold'),
(879093,6,'Ethnicity','Black'),
(879093,6,'Date of Birth','9/21/1968'),
(879093,6,'Account Type','Gold'),
(669652,28,'Ethnicity','Other'),
(669652,28,'Date of Birth','5/28/2009'),
(669652,28,'Account Type','Platinum'),
(381269,1,'Ethnicity','Black'),
(381269,1,'Date of Birth','7/15/1983'),
(381269,1,'Account Type','Gold'),
(504043,5,'Ethnicity','Asian'),
(504043,5,'Date of Birth','4/1/1986'),
(504043,5,'Account Type','Basic'),
(312962,1,'Ethnicity','White'),
(312962,1,'Date of Birth','7/12/1978'),
(312962,1,'Account Type','Gold'),
(943346,30,'Ethnicity','Other'),
(943346,30,'Date of Birth','8/27/1957'),
(943346,30,'Account Type','Basic'),
(950849,8,'Ethnicity','Black'),
(950849,8,'Date of Birth','7/30/1990'),
(950849,8,'Account Type','Gold'),
(271596,30,'Ethnicity','White'),
(271596,30,'Date of Birth','9/10/2000'),
(271596,30,'Account Type','Gold'),
(410607,3,'Ethnicity','Asian'),
(410607,3,'Date of Birth','3/8/1958'),
(410607,3,'Account Type','Gold'),
(720946,26,'Ethnicity','White'),
(720946,26,'Date of Birth','6/7/1984'),
(720946,26,'Account Type','Basic'),
(224213,27,'Ethnicity','Other'),
(224213,27,'Date of Birth','1/17/1992'),
(224213,27,'Account Type','Platinum'),
(335173,11,'Ethnicity','White'),
(335173,11,'Date of Birth','1/28/1942'),
(335173,11,'Account Type','Gold'),
(963473,13,'Ethnicity','White'),
(963473,13,'Date of Birth','10/1/2014'),
(963473,13,'Account Type','Platinum'),
(983346,24,'Ethnicity','Asian'),
(983346,24,'Date of Birth','8/19/1951'),
(983346,24,'Account Type','Basic'),
(129983,7,'Ethnicity','Asian'),
(129983,7,'Date of Birth','4/12/2001'),
(129983,7,'Account Type','Basic'),
(697830,21,'Ethnicity','White'),
(697830,21,'Date of Birth','11/14/1948'),
(697830,21,'Account Type','Gold'),
(774922,19,'Ethnicity','Black'),
(774922,19,'Date of Birth','8/14/2011'),
(774922,19,'Account Type','Gold'),
(694902,21,'Ethnicity','Asian'),
(694902,21,'Date of Birth','3/30/2001'),
(694902,21,'Account Type','Basic'),
(595254,6,'Ethnicity','Other'),
(595254,6,'Date of Birth','5/6/1942'),
(595254,6,'Account Type','Platinum'),
(260096,20,'Ethnicity','Black'),
(260096,20,'Date of Birth','1/10/1955'),
(260096,20,'Account Type','Basic'),
(512023,16,'Ethnicity','Black'),
(512023,16,'Date of Birth','4/5/1957'),
(512023,16,'Account Type','Gold'),
(952333,15,'Ethnicity','Other'),
(952333,15,'Date of Birth','3/5/2000'),
(952333,15,'Account Type','Gold'),
(848904,14,'Ethnicity','White'),
(848904,14,'Date of Birth','1/6/1962'),
(848904,14,'Account Type','Basic'),
(279177,7,'Ethnicity','White'),
(279177,7,'Date of Birth','2/26/1967'),
(279177,7,'Account Type','Basic'),
(755822,19,'Ethnicity','Black'),
(755822,19,'Date of Birth','7/4/1942'),
(755822,19,'Account Type','Gold'),
(838906,26,'Ethnicity','White'),
(838906,26,'Date of Birth','6/1/1976'),
(838906,26,'Account Type','Gold'),
(701108,21,'Ethnicity','White'),
(701108,21,'Date of Birth','10/29/1975'),
(701108,21,'Account Type','Basic'),
(892338,5,'Ethnicity','White'),
(892338,5,'Date of Birth','6/3/1961'),
(892338,5,'Account Type','Platinum'),
(450210,24,'Ethnicity','Other'),
(450210,24,'Date of Birth','8/24/2018'),
(450210,24,'Account Type','Basic'),
(140062,22,'Ethnicity','Black'),
(140062,22,'Date of Birth','6/7/2012'),
(140062,22,'Account Type','Platinum'),
(176117,28,'Ethnicity','Asian'),
(176117,28,'Date of Birth','4/19/1966'),
(176117,28,'Account Type','Gold'),
(791769,4,'Ethnicity','Black'),
(791769,4,'Date of Birth','11/2/1968'),
(791769,4,'Account Type','Gold'),
(145928,23,'Ethnicity','Other'),
(145928,23,'Date of Birth','8/16/1941'),
(145928,23,'Account Type','Basic'),
(311054,26,'Ethnicity','Black'),
(311054,26,'Date of Birth','11/21/1956'),
(311054,26,'Account Type','Gold'),
(575378,24,'Ethnicity','White'),
(575378,24,'Date of Birth','4/7/1974'),
(575378,24,'Account Type','Platinum'),
(390727,4,'Ethnicity','Asian'),
(390727,4,'Date of Birth','10/9/1972'),
(390727,4,'Account Type','Basic'),
(220298,12,'Ethnicity','Asian'),
(220298,12,'Date of Birth','7/5/1978'),
(220298,12,'Account Type','Gold'),
(808528,26,'Ethnicity','White'),
(808528,26,'Date of Birth','4/5/1992'),
(808528,26,'Account Type','Gold'),
(829132,20,'Ethnicity','Other'),
(829132,20,'Date of Birth','5/19/1991'),
(829132,20,'Account Type','Gold'),
(345518,23,'Ethnicity','Black'),
(345518,23,'Date of Birth','12/22/1994'),
(345518,23,'Account Type','Platinum'),
(753670,14,'Ethnicity','Black'),
(753670,14,'Date of Birth','12/4/1991'),
(753670,14,'Account Type','Basic');

CREATE TABLE pd2023_wk04_december (
  ID BIGINT,
  joining_day BIGINT,
  Demographic TEXT,
  Value TEXT
);

INSERT INTO pd2023_wk04_december (ID, joining_day, Demographic, Value)
VALUES
(931463,22,'Ethnicity','Other'),
(931463,22,'Date of Birth','8/30/1978'),
(931463,22,'Account Type','Platinum'),
(973596,16,'Ethnicity','Other'),
(973596,16,'Date of Birth','2/22/1971'),
(973596,16,'Account Type','Platinum'),
(158712,13,'Ethnicity','Black'),
(158712,13,'Date of Birth','11/27/1948'),
(158712,13,'Account Type','Gold'),
(829567,19,'Ethnicity','Asian'),
(829567,19,'Date of Birth','5/17/2019'),
(829567,19,'Account Type','Gold'),
(765708,21,'Ethnicity','Black'),
(765708,21,'Date of Birth','6/27/1982'),
(765708,21,'Account Type','Basic'),
(147410,8,'Ethnicity','White'),
(147410,8,'Date of Birth','10/2/2008'),
(147410,8,'Account Type','Platinum'),
(268700,4,'Ethnicity','White'),
(268700,4,'Date of Birth','10/5/2008'),
(268700,4,'Account Type','Gold'),
(932627,12,'Ethnicity','Other'),
(932627,12,'Date of Birth','12/1/1953'),
(932627,12,'Account Type','Platinum'),
(745654,8,'Ethnicity','Other'),
(745654,8,'Date of Birth','11/25/1996'),
(745654,8,'Account Type','Gold'),
(858465,25,'Ethnicity','Black'),
(858465,25,'Date of Birth','7/2/1957'),
(858465,25,'Account Type','Basic'),
(501352,22,'Ethnicity','Black'),
(501352,22,'Date of Birth','6/29/1971'),
(501352,22,'Account Type','Basic'),
(704040,6,'Ethnicity','Asian'),
(704040,6,'Date of Birth','8/1/1993'),
(704040,6,'Account Type','Basic'),
(926550,6,'Ethnicity','Asian'),
(926550,6,'Date of Birth','10/31/1942'),
(926550,6,'Account Type','Basic'),
(669150,27,'Ethnicity','Black'),
(669150,27,'Date of Birth','10/27/1963'),
(669150,27,'Account Type','Platinum'),
(232108,10,'Ethnicity','Asian'),
(232108,10,'Date of Birth','1/24/2009'),
(232108,10,'Account Type','Gold'),
(271167,15,'Ethnicity','Asian'),
(271167,15,'Date of Birth','5/23/1944'),
(271167,15,'Account Type','Platinum'),
(536823,11,'Ethnicity','Black'),
(536823,11,'Date of Birth','6/17/1985'),
(536823,11,'Account Type','Gold'),
(353144,19,'Ethnicity','Other'),
(353144,19,'Date of Birth','12/8/2019'),
(353144,19,'Account Type','Gold'),
(511565,7,'Ethnicity','Black'),
(511565,7,'Date of Birth','3/17/1995'),
(511565,7,'Account Type','Platinum'),
(722586,16,'Ethnicity','White'),
(722586,16,'Date of Birth','5/15/1942'),
(722586,16,'Account Type','Gold'),
(721246,13,'Ethnicity','Asian'),
(721246,13,'Date of Birth','6/24/2002'),
(721246,13,'Account Type','Gold'),
(878212,8,'Ethnicity','White'),
(878212,8,'Date of Birth','3/1/1957'),
(878212,8,'Account Type','Basic'),
(983979,27,'Ethnicity','White'),
(983979,27,'Date of Birth','5/4/1954'),
(983979,27,'Account Type','Basic'),
(428431,9,'Ethnicity','Other'),
(428431,9,'Date of Birth','4/27/1993'),
(428431,9,'Account Type','Basic'),
(306981,7,'Ethnicity','Other'),
(306981,7,'Date of Birth','1/27/1983'),
(306981,7,'Account Type','Basic'),
(285333,8,'Ethnicity','Other'),
(285333,8,'Date of Birth','3/22/1948'),
(285333,8,'Account Type','Gold'),
(779147,27,'Ethnicity','Other'),
(779147,27,'Date of Birth','7/28/1989'),
(779147,27,'Account Type','Basic'),
(163418,28,'Ethnicity','Other'),
(163418,28,'Date of Birth','10/24/2017'),
(163418,28,'Account Type','Platinum'),
(850734,19,'Ethnicity','White'),
(850734,19,'Date of Birth','2/20/1968'),
(850734,19,'Account Type','Platinum'),
(194739,15,'Ethnicity','Other'),
(194739,15,'Date of Birth','3/29/2002'),
(194739,15,'Account Type','Basic'),
(587714,1,'Ethnicity','White'),
(587714,1,'Date of Birth','10/2/1952'),
(587714,1,'Account Type','Gold'),
(343327,5,'Ethnicity','Asian'),
(343327,5,'Date of Birth','6/12/1949'),
(343327,5,'Account Type','Gold'),
(141861,10,'Ethnicity','Other'),
(141861,10,'Date of Birth','6/13/2005'),
(141861,10,'Account Type','Gold'),
(270858,21,'Ethnicity','Black'),
(270858,21,'Date of Birth','8/24/2004'),
(270858,21,'Account Type','Basic'),
(725107,13,'Ethnicity','Black'),
(725107,13,'Date of Birth','5/7/1991'),
(725107,13,'Account Type','Gold'),
(602470,22,'Ethnicity','Black'),
(602470,22,'Date of Birth','7/12/2018'),
(602470,22,'Account Type','Gold'),
(983034,6,'Ethnicity','Asian'),
(983034,6,'Date of Birth','11/13/1972'),
(983034,6,'Account Type','Platinum'),
(521080,27,'Ethnicity','Black'),
(521080,27,'Date of Birth','4/26/1999'),
(521080,27,'Account Type','Platinum'),
(618817,30,'Ethnicity','Asian'),
(618817,30,'Date of Birth','12/22/1950'),
(618817,30,'Account Type','Gold'),
(203942,28,'Ethnicity','Asian'),
(203942,28,'Date of Birth','8/27/2016'),
(203942,28,'Account Type','Gold'),
(906500,14,'Ethnicity','Other'),
(906500,14,'Date of Birth','5/31/2007'),
(906500,14,'Account Type','Platinum'),
(230685,21,'Ethnicity','Other'),
(230685,21,'Date of Birth','2/17/1961'),
(230685,21,'Account Type','Platinum'),
(679893,28,'Ethnicity','Asian'),
(679893,28,'Date of Birth','7/2/1951'),
(679893,28,'Account Type','Basic'),
(714000,28,'Ethnicity','White'),
(714000,28,'Date of Birth','11/8/1999'),
(714000,28,'Account Type','Platinum'),
(421991,17,'Ethnicity','Other'),
(421991,17,'Date of Birth','9/9/1942'),
(421991,17,'Account Type','Gold'),
(548663,4,'Ethnicity','Asian'),
(548663,4,'Date of Birth','5/31/1949'),
(548663,4,'Account Type','Basic'),
(906366,14,'Ethnicity','Asian'),
(906366,14,'Date of Birth','5/15/2015'),
(906366,14,'Account Type','Gold'),
(140408,23,'Ethnicity','Black'),
(140408,23,'Date of Birth','3/17/1955'),
(140408,23,'Account Type','Gold'),
(878212,22,'Ethnicity','White'),
(878212,22,'Date of Birth','3/1/1957'),
(878212,22,'Account Type','Basic'),
(759970,8,'Ethnicity','White'),
(759970,8,'Date of Birth','8/22/1969'),
(759970,8,'Account Type','Gold'),
(663205,8,'Ethnicity','Black'),
(663205,8,'Date of Birth','3/30/1981'),
(663205,8,'Account Type','Platinum'),
(441581,1,'Ethnicity','White'),
(441581,1,'Date of Birth','7/6/2018'),
(441581,1,'Account Type','Gold'),
(968967,7,'Ethnicity','Asian'),
(968967,7,'Date of Birth','12/24/1992'),
(968967,7,'Account Type','Gold'),
(226854,7,'Ethnicity','White'),
(226854,7,'Date of Birth','8/3/1988'),
(226854,7,'Account Type','Gold'),
(314848,14,'Ethnicity','Asian'),
(314848,14,'Date of Birth','11/30/2015'),
(314848,14,'Account Type','Gold'),
(471152,15,'Ethnicity','Asian'),
(471152,15,'Date of Birth','9/29/1990'),
(471152,15,'Account Type','Platinum'),
(868193,14,'Ethnicity','White'),
(868193,14,'Date of Birth','9/11/1948'),
(868193,14,'Account Type','Basic'),
(853101,8,'Ethnicity','Other'),
(853101,8,'Date of Birth','4/13/1984'),
(853101,8,'Account Type','Basic'),
(649104,17,'Ethnicity','Other'),
(649104,17,'Date of Birth','3/5/1946'),
(649104,17,'Account Type','Platinum'),
(376499,6,'Ethnicity','Asian'),
(376499,6,'Date of Birth','1/27/1969'),
(376499,6,'Account Type','Platinum'),
(657908,19,'Ethnicity','Asian'),
(657908,19,'Date of Birth','8/21/1973'),
(657908,19,'Account Type','Platinum'),
(855858,15,'Ethnicity','White'),
(855858,15,'Date of Birth','11/20/1959'),
(855858,15,'Account Type','Platinum'),
(128635,12,'Ethnicity','Asian'),
(128635,12,'Date of Birth','6/16/2012'),
(128635,12,'Account Type','Basic'),
(864964,16,'Ethnicity','Black'),
(864964,16,'Date of Birth','1/8/1973'),
(864964,16,'Account Type','Platinum'),
(704688,28,'Ethnicity','Other'),
(704688,28,'Date of Birth','1/2/2017'),
(704688,28,'Account Type','Basic'),
(130835,4,'Ethnicity','White'),
(130835,4,'Date of Birth','6/7/1984'),
(130835,4,'Account Type','Basic'),
(135215,23,'Ethnicity','Other'),
(135215,23,'Date of Birth','2/18/1955'),
(135215,23,'Account Type','Platinum'),
(537959,12,'Ethnicity','Black'),
(537959,12,'Date of Birth','10/23/2017'),
(537959,12,'Account Type','Gold'),
(461508,2,'Ethnicity','Other'),
(461508,2,'Date of Birth','7/12/1996'),
(461508,2,'Account Type','Gold'),
(765987,22,'Ethnicity','Black'),
(765987,22,'Date of Birth','6/25/1989'),
(765987,22,'Account Type','Platinum'),
(607350,22,'Ethnicity','Other'),
(607350,22,'Date of Birth','5/12/1972'),
(607350,22,'Account Type','Gold'),
(594256,25,'Ethnicity','Other'),
(594256,25,'Date of Birth','3/6/1989'),
(594256,25,'Account Type','Gold'),
(554998,16,'Ethnicity','Black'),
(554998,16,'Date of Birth','11/6/1997'),
(554998,16,'Account Type','Platinum'),
(305736,16,'Ethnicity','Asian'),
(305736,16,'Date of Birth','8/15/1978'),
(305736,16,'Account Type','Basic'),
(237507,2,'Ethnicity','Black'),
(237507,2,'Date of Birth','4/6/1944'),
(237507,2,'Account Type','Basic'),
(187833,20,'Ethnicity','Other'),
(187833,20,'Date of Birth','4/8/1992'),
(187833,20,'Account Type','Basic'),
(694973,21,'Ethnicity','Other'),
(694973,21,'Date of Birth','10/24/2017'),
(694973,21,'Account Type','Platinum'),
(334199,5,'Ethnicity','White'),
(334199,5,'Date of Birth','5/11/2003'),
(334199,5,'Account Type','Gold'),
(801415,2,'Ethnicity','Asian'),
(801415,2,'Date of Birth','7/7/2010'),
(801415,2,'Account Type','Gold'),
(560261,15,'Ethnicity','Black'),
(560261,15,'Date of Birth','3/4/1949'),
(560261,15,'Account Type','Platinum'),
(947772,27,'Ethnicity','Asian'),
(947772,27,'Date of Birth','9/14/1964'),
(947772,27,'Account Type','Gold'),
(923843,24,'Ethnicity','White'),
(923843,24,'Date of Birth','12/11/2015'),
(923843,24,'Account Type','Gold'),
(480246,8,'Ethnicity','Asian'),
(480246,8,'Date of Birth','4/13/1982'),
(480246,8,'Account Type','Platinum'),
(716900,18,'Ethnicity','Asian'),
(716900,18,'Date of Birth','9/30/2003'),
(716900,18,'Account Type','Gold'),
(592566,30,'Ethnicity','Asian'),
(592566,30,'Date of Birth','5/8/1989'),
(592566,30,'Account Type','Basic'),
(119168,15,'Ethnicity','Asian'),
(119168,15,'Date of Birth','4/15/2015'),
(119168,15,'Account Type','Basic'),
(970548,12,'Ethnicity','Asian'),
(970548,12,'Date of Birth','5/9/1996'),
(970548,12,'Account Type','Platinum'),
(569923,4,'Ethnicity','Other'),
(569923,4,'Date of Birth','12/30/1975'),
(569923,4,'Account Type','Gold'),
(354147,20,'Ethnicity','Black'),
(354147,20,'Date of Birth','4/14/2019'),
(354147,20,'Account Type','Gold'),
(174699,2,'Ethnicity','Asian'),
(174699,2,'Date of Birth','3/13/1989'),
(174699,2,'Account Type','Gold'),
(514598,28,'Ethnicity','Other'),
(514598,28,'Date of Birth','10/10/1971'),
(514598,28,'Account Type','Platinum');

